balloon;417;nom
chinese;364;nr
spy;195;nom
fly;100;ver
china;89;nom
taiwan;82;nr
down;76;nom
military;68;nom
biden;65;nr
like;63;nom
what;62;nom
shoot;62;nom
https;60;nr
know;57;ver
trump;51;nom
state;45;ver
island;43;nom
base;42;adj
time;41;nom
ministry;41;nom
country;40;nom
thing;37;nom
detect;37;ver
person;36;nom
cross;34;ver
allow;33;ver
high;32;adj
airspace;32;nom
war;31;nom
weather;30;nom
russian;30;nr
air;29;adj
year;26;nom
satellite;26;nom
report;26;ver
missile;26;nom
joe;26;nr
unite;25;ver
need;25;ver
surveillance;24;nom
secret;24;adj
defense;24;nom
day;24;nom
news;23;nom
man;23;nom
intelligence;23;nom
border;23;nom
administration;23;nom
national;22;nom
government;22;nom
well;21;nom
official;21;nom
nuclear;21;nr
let;21;nom
area;21;nom
america;21;nr
silo;20;nom
russia;20;nr
remember;20;ver
reason;20;ver
0001f923;20;nr
world;19;nom
montana;19;nr
information;19;nom
american;19;nr
strait;18;adj
president;18;nom
defence;18;nom
tell;17;ver
big;17;adj
track;16;ver
ly;16;nr
good;16;adj
float;16;nom
equipment;16;nom
coast;16;nom
classify;16;ver
ccp;16;nr
post;15;ver
north;15;nom
lol;15;nr
happen;15;ver
gt;15;nr
entire;15;nom
election;15;nom
document;15;nom
capture;15;ver
call;15;nom
believe;15;ver
back;15;nom
www;14;nr
worry;14;ver
sub;14;nom
stuff;14;nom
spot;14;nom
south;14;nom
point;14;ver
home;14;nom
force;14;nom
aware;14;adj
watch;13;ver
threat;13;nom
start;13;nom
ship;13;nom
nation;13;nom
find;13;ver
enter;13;ver
directly;13;nr
delete;13;ver
cause;13;ver
ukraine;12;nr
taipei;12;nr
space;12;nom
remove;12;ver
release;12;nom
reddit;12;nr
org;12;nr
month;12;nom
money;12;nom
launch;12;nom
house;12;nom
fe0f;12;nr
claim;12;nom
buff;12;nom
bad;12;adj
story;11;nom
source;11;nom
question;11;nom
public;11;nom
past;11;nom
old;11;nom
mark;11;nom
late;11;adj
incident;11;nom
hunter;11;nom
hear;11;ver
give;11;nom
answer;11;nom
altitude;11;nom
work;10;nom
word;10;nom
white;10;adj
wait;10;ver
talk;10;ver
saturday;10;nr
rule;10;nom
problem;10;nom
previous;10;nr
object;10;nom
navy;10;nom
move;10;nom
million;10;nom
low;10;adj
lot;10;nom
line;10;nom
leave;10;ver
hard;10;adj
google;10;nr
drift;10;nom
aircraft;10;nom
0001f602;10;nr
0001f1fa;10;nr
yeah;9;nom
traverse;9;nom
surprise;9;nom
sunday;9;nr
spate;9;nom
risk;9;nom
record;9;ver
plane;9;nom
payload;9;nom
pay;9;ver
milley;9;nr
land;9;ver
january;9;nr
issue;9;nom
international;9;nom
interest;9;nom
include;9;ver
important;9;nr
hour;9;nom
guy;9;nom
fuck;9;ver
florida;9;nr
feel;9;ver
en;9;nom
cuba;9;nr
continental;9;nom
collect;9;ver
care;9;nom
airship;9;nom
admit;9;ver
activity;9;nom
act;9;nom
wind;8;nom
wikipedia;8;nr
water;8;nom
usa;8;nr
travel;8;nom
top;8;nom
submarine;8;nom
straight;8;adj
situation;8;nom
side;8;nom
show;8;nom
shit;8;ver
population;8;nom
play;8;ver
party;8;nom
pacific;8;nr
mile;8;nom
matter;8;nom
jet;8;nom
fall;8;nom
easy;8;adj
drone;8;nom
donald;8;nr
datum;8;nom
confirm;8;ver
concern;8;nom
comment;8;nom
attack;8;ver
age;8;nom
0001f1f8;8;nr
woman;7;nom
wing;7;nom
wiki;7;nr
wake;7;nom
uap;7;nr
tiktok;7;nr
stop;7;nom
site;7;nom
senior;7;nom
send;7;nom
security;7;nom
safety;7;nom
recent;7;adj
receive;7;ver
real;7;adj
purpose;7;nom
project;7;nom
pretty;7;adj
press;7;ver
presidential;7;nr
prc;7;nr
pentagon;7;nom
open;7;adj
office;7;nom
nuke;7;nom
long;7;adj
live;7;adj
literally;7;nr
lie;7;nom
learn;7;ver
law;7;adj
illegal;7;nom
hide;7;nom
general;7;nom
foreign;7;nr
enemy;7;nom
effective;7;nom
device;7;nom
detail;7;ver
dakota;7;nr
build;7;nom
bite;7;ver
billion;7;nom
aerial;7;nom
accuse;7;ver
wow;6;nom
warship;6;nom
warplane;6;nom
vote;6;ver
understand;6;ver
uaps;6;nr
twitter;6;nom
train;6;ver
threaten;6;ver
target;6;nom
system;6;nom
super;6;nom
spend;6;ver
soil;6;nom
size;6;nom
signal;6;nom
sighting;6;nom
sensitive;6;nom
research;6;nom
police;6;nom
place;6;nom
picture;6;nom
orbit;6;nom
multiple;6;nom
middle;6;nom
medium;6;nom
large;6;adj
laptop;6;nom
kill;6;ver
job;6;nom
intercept;6;ver
icbm;6;nr
hold;6;ver
hate;6;ver
handle;6;nom
guess;6;nom
gather;6;ver
free;6;adj
forget;6;ver
flight;6;nom
fee;6;ver
fast;6;adj
fairly;6;nr
democrat;6;nom
debris;6;nom
deal;6;nom
craft;6;nom
continue;6;ver
consider;6;ver
communication;6;nom
close;6;adj
clearance;6;nom
china_s;6;nr
child;6;nom
capable;6;adj
capability;6;nom
budget;6;nom
bring;6;ver
basically;6;nr
assume;6;ver
asian;6;nr
americans;6;nr
actual;6;nom
access;6;ver
7news;6;nr
56fd;6;nr
200d;6;nr
0001f921;6;nr
0001f525;6;nr
youtube;5;nr
wonder;5;ver
weapon;5;nom
video;5;nom
unidentified;5;nr
ufos;5;nr
trust;5;nom
true;5;adj
today;5;nom
test;5;ver
territory;5;nom
taiwanese;5;nr
support;5;nom
steal;5;nom
statement;5;nom
southern;5;nom
sky;5;nom
single;5;nom
set;5;ver
sense;5;nom
row;5;nom
result;5;nom
racism;5;nom
putin;5;nr
put;5;nom
publicly;5;nr
protect;5;ver
power;5;nom
part;5;nom
order;5;nom
obvious;5;nr
nature;5;nom
nato;5;nr
mistake;5;nom
mind;5;nom
location;5;nom
locate;5;ver
info;5;nom
image;5;nom
hot;5;adj
history;5;nom
half;5;nom
ha;5;nr
govt;5;nr
foot;5;nom
fire;5;nom
february;5;nr
family;5;nom
evidence;5;nom
east;5;nom
dumb;5;adj
due;5;nom
dod;5;nr
develop;5;ver
department;5;nom
deny;5;ver
current;5;nom
control;5;nom
contact;5;nom
confuse;5;ver
civilian;5;nom
catch;5;nom
buy;5;ver
biological;5;nom
aviation;5;nom
atlantic;5;nr
assessment;5;nom
arrest;5;ver
america_s;5;nr
ago;5;nr
afb;5;nr
additional;5;nr
account;5;nom
662f;5;nr
0001f92c;5;nr
0001f914;5;nr
0001f3af;5;nr
0001f388;5;nr
yea;4;nom
xi;4;nom
wyoming;4;nr
wrong;4;adj
wednesday;4;nr
warsaw;4;nr
warfare;4;nom
ve;4;nr
truth;4;nom
treason;4;nom
transit;4;ver
traitor;4;nom
thunder;4;nom
texas;4;nr
tension;4;nom
technology;4;nom
tech;4;nom
superpower;4;nom
stray;4;ver
station;4;nom
sort;4;nom
son;4;nom
soldier;4;nom
similar;4;nr
share;4;nom
sell;4;ver
secretary;4;nom
reveal;4;ver
restrict;4;ver
response;4;nom
regret;4;nom
refuse;4;nom
recover;4;ver
push;4;nom
psyop;4;nr
psychological;4;nr
proven;4;nr
propaganda;4;nom
potential;4;nom
plastic;4;nom
path;4;nom
parliamentary;4;nr
operate;4;ver
onboard;4;nr
occasion;4;nom
numb;4;adj
note;4;nom
monday;4;nr
minuteman;4;nom
member;4;nom
map;4;nom
manage;4;ver
major;4;nom
maintain;4;ver
lose;4;ver
local;4;nom
limit;4;ver
life;4;nom
laura;4;nr
launder;4;ver
kind;4;adj
joebiden;4;nr
intel;4;nr
installation;4;nom
inflation;4;nom
incursion;4;nom
immigrant;4;nom
hurt;4;ver
hkfp;4;nr
hit;4;ver
hey;4;nr
head;4;nom
grind;4;ver
great;4;adj
gov;4;nr
gonna;4;nr
girl;4;nom
generator;4;nom
generally;4;nr
garbage;4;nom
gain;4;ver
full;4;adj
front;4;nom
fighter;4;nom
false;4;adj
fake;4;nom
fact;4;nom
expect;4;ver
excuse;4;nom
event;4;nom
end;4;nom
edit;4;nom
easily;4;nr
earth;4;nom
dude;4;nom
destroy;4;ver
deep;4;adj
dangerous;4;nr
damn;4;nom
create;4;ver
crazy;4;adj
couple;4;nom
cost;4;ver
cool;4;adj
completely;4;nr
command;4;nom
comer;4;nom
chief;4;nom
check;4;nom
charge;4;nom
bus;4;nom
burst;4;ver
bullet;4;nom
break;4;nom
blow;4;ver
begin;4;ver
beam;4;nom
automatically;4;nr
attention;4;nom
approach;4;nom
apparently;4;nr
anti;4;nom
aim;4;nom
ahead;4;nr
action;4;nom
accept;4;ver
0001f937;4;nr
0001f648;4;nr
yewtu;3;nr
yesterday;3;nom
write;3;ver
worth;3;nom
wildfire;3;nom
wild;3;adj
wichita;3;nr
western;3;nom
west;3;nom
week;3;nom
violate;3;ver
verge;3;nom
uptick;3;nom
ultra;3;nom
u2s;3;nr
type;3;nom
turn;3;nom
troll;3;ver
transmit;3;ver
trade;3;ver
tour;3;nom
totally;3;nr
total;3;nom
terrorist;3;nom
term;3;nom
teach;3;ver
tank;3;nom
suggest;3;ver
stupid;3;adj
study;3;nom
student;3;nom
street;3;nom
status;3;nom
standard;3;nom
spread;3;ver
speed;3;nom
soon;3;adj
sleep;3;nom
sincerely;3;nr
significant;3;nom
short;3;ver
shelf;3;nom
sexual;3;nr
search;3;nom
schumer;3;nr
school;3;ver
sanction;3;nom
ryan;3;nr
russia_s;3;nr
run;3;ver
rise;3;nom
reuters;3;nr
retrieval;3;nom
retaliation;3;nom
responsibility;3;nom
resolution;3;nom
republican;3;nom
reply;3;ver
remind;3;ver
refute;3;ver
redd;3;nr
recognize;3;ver
realize;3;ver
ready;3;adj
raise;3;nom
provide;3;ver
project_s;3;nr
professor;3;nom
powerful;3;nr
pound;3;nom
positive;3;adj
position;3;nom
populate;3;ver
pompeo;3;nr
political;3;nr
policy;3;nom
plenty;3;nom
player;3;nom
pla;3;nr
piss;3;nom
pics;3;nr
pick;3;nom
photo;3;nom
penis;3;nom
paper;3;nom
pant;3;nom
paint;3;nom
oversight;3;nom
operation;3;nom
october;3;nr
oath;3;nom
norad;3;nr
night;3;nom
newsroom;3;nom
naval;3;nr
na;3;nr
monitor;3;ver
miss;3;ver
mike;3;nom
meteorological;3;nr
meteorite;3;nom
message;3;nom
measure;3;nom
material;3;nom
malmstrom;3;nr
majority;3;nom
maga;3;nr
lunar;3;nom
loomer;3;nr
load;3;nom
lmao;3;nr
literal;3;nom
link;3;nom
likelihood;3;nom
level;3;nom
legal;3;nom
laugh;3;ver
label;3;ver
korean;3;nr
knowledge;3;nom
kinda;3;nr
jump;3;ver
joke;3;nom
join;3;nom
intact;3;nr
instruction;3;nom
incredibly;3;nr
inconsistent;3;nr
incompetent;3;nom
incendiary;3;nom
implication;3;nom
imagine;3;ver
idk;3;nr
human;3;adj
huge;3;adj
honest;3;adj
holiday;3;nom
hell;3;nom
hack;3;ver
group;3;nom
grid;3;nom
god;3;nom
giant;3;nom
garage;3;nom
gap;3;nom
freak;3;ver
fox;3;nom
forum;3;nom
footage;3;nom
food;3;nom
follow;3;nom
focus;3;nom
fleet;3;adj
fine;3;adj
fight;3;ver
field;3;nom
federal;3;nom
fear;3;ver
falsely;3;nr
failure;3;nom
explanation;3;nom
europe;3;nr
espionage;3;nom
enforce;3;ver
employee;3;nom
em;3;nom
economy;3;nom
early;3;adj
drug;3;nom
drop;3;ver
drink;3;ver
doubt;3;nom
discuss;3;ver
discord;3;nom
destruct;3;nom
deploy;3;ver
deliver;3;ver
decommission;3;ver
decade;3;nom
daily;3;nom
cut;3;nom
crime;3;nom
correct;3;adj
contract;3;ver
continent;3;nom
conjunction;3;nom
compromise;3;ver
cia;3;nr
case;3;nom
carry;3;nom
cans;3;nom
canada;3;nr
california;3;nr
bunch;3;nom
bull;3;nom
bro;3;nom
board;3;nom
blood;3;nom
blame;3;nom
bitch;3;nom
bill;3;nom
beijing;3;nr
beat;3;ver
background;3;nom
awareness;3;nom
attempt;3;nom
assumption;3;nom
army;3;nom
apps;3;nr
ally;3;nom
alert;3;ver
alberta;3;nr
alaska;3;nr
agent;3;nom
agency;3;nom
afghanistan;3;nr
active;3;nom
accomplish;3;ver
accidentally;3;nr
absolutely;3;nr
8fd9;3;nr
80fd;3;nr
53ef;3;nr
53cd;3;nr
4e2a;3;nr
4e00;3;nr
25fe;3;nr
0001f621;3;nr
0001f311;3;nr
0001f1f3;3;nr
yup;2;nom
youtu;2;nr
ya;2;nr
wwii;2;nr
ww3;2;nr
ws;2;nr
win;2;nom
whatnewname;2;nr
whaddya;2;nr
westerly;2;nom
website;2;nom
wear;2;nom
weaponized;2;nr
weak;2;adj
wave;2;nom
washington;2;nr
warthunder;2;nr
warrior;2;nom
warren;2;nom
warrant;2;nom
wanzou;2;nr
wall;2;nom
wage;2;ver
vp;2;nr
visit;2;nom
visible;2;nr
visibility;2;nom
virus;2;nom
vic;2;nr
vessel;2;nom
versus;2;nr
velocity;2;nom
usaf;2;nr
unknown;2;nom
undermine;2;ver
uncover;2;ver
ufox;2;nr
ufotwitter;2;nr
ufo;2;nr
typical;2;nr
tw;2;nr
tuesday;2;nr
troop;2;nom
trip;2;nom
trickle;2;ver
tree;2;nom
treaty;2;nom
treat;2;ver
travelling;2;nom
trash;2;nom
transparency;2;nom
transcript;2;nom
trajectory;2;nom
traffic;2;ver
touch;2;nom
topic;2;nom
ton;2;nom
thread;2;nom
thousand;2;nom
thehill;2;nr
technique;2;nom
technically;2;nr
tds;2;nr
sweet;2;adj
suspect;2;ver
surround;2;ver
suppose;2;ver
suddenly;2;nr
suck;2;nom
strike;2;nom
stress;2;ver
stream;2;nom
straw;2;nom
stealth;2;nom
stay;2;nom
staff;2;nom
spudnik;2;nr
sport;2;nom
speech;2;nom
special;2;adj
speaker;2;nom
speak;2;ver
sovereign;2;nom
sound;2;adj
solution;2;nom
sole;2;nom
solder;2;nom
sm;2;nr
sister;2;nom
significantly;2;nr
sight;2;nom
si;2;nom
shock;2;ver
shill;2;nom
sex;2;nom
serve;2;nom
separate;2;ver
secure;2;adj
sea;2;nom
scrutiny;2;nom
scientist;2;nom
scientific;2;nr
science;2;nom
scheme;2;nom
scary;2;adj
sc;2;nr
save;2;nom
sausage;2;nom
sail;2;ver
russians;2;nr
room;2;nom
rodeo;2;nom
risky;2;adj
rid;2;ver
restriction;2;nom
require;2;ver
remain;2;ver
regularly;2;nr
register;2;ver
regime;2;nom
refer;2;ver
red;2;ver
reasonable;2;nr
reality;2;nom
read;2;ver
reach;2;nom
random;2;nom
radio;2;nom
radar;2;nom
racist;2;nom
queen;2;nom
property;2;nom
properly;2;nr
proof;2;nom
prolly;2;nr
project_genetrix;2;nr
program;2;nom
process;2;nom
princess;2;nom
prevail;2;ver
pretend;2;ver
prepare;2;ver
prefer;2;ver
possibly;2;nr
pose;2;nom
pooh;2;nom
politics;2;nr
pokémon;2;nr
podcast;2;nr
pocket;2;nom
plan;2;nom
pill;2;nom
phone;2;nom
phenomenon;2;nom
pfizer;2;nr
patrol;2;ver
pass;2;nom
parent;2;nom
papineau;2;nr
ownership;2;nom
oswald;2;nr
organic;2;nom
opponent;2;nom
opinion;2;nom
ooh;2;ver
oil;2;nom
officer;2;nom
ocean;2;nom
occur;2;ver
occasionally;2;nr
notice;2;ver
northern;2;nom
noaa;2;nr
newsletter;2;nom
nervous;2;nr
nbcnews;2;nr
nationalism;2;nom
narrative;2;nom
nah;2;nr
msm;2;nr
moment;2;nom
moly;2;nr
missouri;2;nr
mission;2;nom
minot;2;nr
militarybases;2;nr
migrant;2;nom
midwest;2;nr
mexico;2;nr
median;2;nom
mckinsey;2;nr
massive;2;nr
mass;2;nom
majeure;2;nr
mainland;2;nom
madarin;2;nr
machine;2;nom
lubbock;2;nr
love;2;ver
loan;2;nom
leak;2;nom
leadership;2;nom
leader;2;nom
lady;2;nom
korea;2;nr
king;2;nom
kid;2;nom
key;2;nom
kennedy;2;nr
kansas;2;nr
justification;2;nom
june;2;nr
jpeg;2;nr
joint;2;nom
jinping;2;nr
jan;2;nr
israel;2;nr
iraq;2;nr
iran;2;nr
investigation;2;nom
investigate;2;ver
invade;2;ver
internet;2;nr
intercontinental;2;nr
intend;2;ver
influx;2;nom
influence;2;nom
infamous;2;nr
incest;2;nom
implement;2;ver
imo;2;nr
imagery;2;nom
iirc;2;nr
ignore;2;ver
identify;2;ver
idea;2;nom
hysteria;2;nom
hypersonic;2;nr
humanity;2;nom
huh;2;nr
html;2;nr
hospital;2;nom
hongkongfp;2;nr
honestly;2;nr
holy;2;adj
hkfpsupport;2;nr
highly;2;nr
heavily;2;nr
heat;2;nom
hb;2;nr
guide;2;ver
grass;2;nom
grab;2;nom
global;2;nr
genuinely;2;nr
gen;2;nom
gear;2;nom
gaslighting;2;nr
gas;2;nom
game;2;adj
future;2;nom
funny;2;adj
fund;2;ver
fully;2;nr
frkjt6b1k5mc1;2;nr
friend;2;nom
frequently;2;nr
fpu5a0bl8ey;2;nr
form;2;nom
folk;2;nom
flurry;2;nom
flag;2;nom
fix;2;ver
firm;2;adj
figure;2;nom
ffs;2;nr
ff1f;2;nr
fence;2;nom
feb;2;nr
fault;2;nom
farmer;2;nom
fail;2;ver
facetious;2;nr
extremely;2;nr
extreme;2;adj
extra;2;nom
expert;2;nom
expensive;2;nr
exo;2;nr
exact;2;adj
evacuate;2;ver
ethic;2;nom
eric;2;nr
encounter;2;ver
embassy;2;nom
embarrassment;2;nom
ego;2;nom
efficient;2;nr
eat;2;ver
eastern;2;nr
duty;2;nom
drive;2;nom
downvoted;2;nr
donation;2;nom
domestic;2;nom
dollar;2;nom
dog;2;nom
distraction;2;nom
dispute;2;ver
disgust;2;ver
disease;2;nom
discover;2;ver
disaster;2;nom
disappear;2;ver
difference;2;nom
dictator;2;nom
dick;2;nom
deviate;2;ver
devastate;2;ver
deter;2;ver
deserve;2;ver
describe;2;ver
democracy;2;nom
delivery;2;nom
degree;2;nom
defend;2;ver
deem;2;ver
declassify;2;ver
declare;2;ver
december;2;nr
daughter;2;nom
date;2;nom
darpa_s;2;nr
cyber;2;nr
curious;2;adj
cuff;2;nom
cuban;2;nr
criticism;2;nom
crisis;2;nom
covid;2;nr
cover;2;nom
court;2;nom
corrupt;2;adj
cook;2;nom
convince;2;ver
constitution;2;nom
conspiracy;2;nom
condition;2;nom
concrete;2;nom
component;2;nom
complete;2;adj
company;2;nom
community;2;nom
communist;2;nom
common;2;adj
commit;2;ver
collapse;2;nom
coincidence;2;nom
code;2;nom
coastal;2;nr
cnn;2;nr
clear;2;adj
class;2;nom
cking;2;nr
civil;2;nr
citizen;2;nom
circle;2;nom
chunk;2;nom
christian;2;nr
choose;2;ver
charleston;2;nr
challenge;2;nom
chairman;2;nom
center;2;nom
censor;2;nom
cbx;2;nr
carolina_s;2;nr
carolina;2;nr
capitol;2;nom
cancel;2;nom
canadian;2;nr
camera;2;nom
ca;2;nr
btw;2;nr
bs;2;nr
brother;2;nom
brain;2;nom
boy;2;nom
boundary;2;nom
boom;2;nom
book;2;nom
bomb;2;nom
blogspot;2;nr
block;2;ver
black;2;adj
bkrxcvnxres;2;nr
bet;2;ver
belong;2;ver
behavior;2;nom
bear;2;nom
bc;2;nr
basketball;2;nom
basement;2;nom
barroons;2;nr
barely;2;nr
ballot;2;nom
ballon;2;nr
ballistic;2;nr
ball;2;nom
bag;2;nom
backyard;2;nom
auditor;2;nom
au;2;nr
assure;2;ver
asset;2;nom
assault;2;nom
ass;2;nom
asia;2;nr
arynews;2;nr
article;2;nom
arrive;2;ver
apply;2;ver
appliance;2;nom
announcement;2;nom
amp;2;nom
allege;2;ver
ai;2;nom
ah;2;nr
agree;2;ver
agenda;2;nom
adversary;2;nom
advantage;2;nom
advance;2;ver
accident;2;nom
abcn;2;nr
91st;2;nr
8fd8;2;nr
88ab;2;nr
73b0;2;nr
6pm;2;nr
6e2f;2;nr
6df1;2;nr
6ca1;2;nr
6c14;2;nr
573a;2;nr
53bb;2;nr
52a0;2;nr
4ee5;2;nr
4eba;2;nr
4e86;2;nr
4bqottu;2;nr
4bdzv39;2;nr
48u7fql;2;nr
47wfjpg;2;nr
46q2spj;2;nr
42dflnm;2;nr
341st;2;nr
10x;2;nr
0001f92d;2;nr
0001f926;2;nr
0001f60e;2;nr
0001f517;2;nr
0001f512;2;nr
0001f50e;2;nr
0001f4f2;2;nr
0001f4e7;2;nr
0001f4dd;2;nr
0001f4b0;2;nr
0001f3fb;2;nr
0001f399;2;nr
0001f1e8;2;nr
zahid;1;nr
yugo;1;nr
yr;1;nr
young;1;nom
yoink;1;nr
yo;1;nr
yf35g;1;nr
yep;1;nom
yellowstone;1;nr
yearly;1;nom
x200b;1;nr
wwiii;1;nr
wumaufu77;1;nr
wtf;1;nr
wrongfully;1;nr
wreckage;1;nom
wowwwwww;1;nr
wouldve;1;nr
worldnews;1;nr
woodpecker;1;nom
wood;1;nom
wont;1;nom
wmds;1;nr
witness;1;ver
withdrawal;1;nom
wise;1;adj
wipe;1;ver
winnie;1;nr
windscreen;1;nom
wildweatherdan;1;nr
widespread;1;nr
widely;1;nr
wide;1;adj
whiteman;1;nr
whine;1;ver
wheel;1;nom
weight;1;nom
weigh;1;ver
weibo;1;nr
weekly;1;nom
webp;1;nr
web;1;nom
wealthy;1;adj
weaken;1;ver
watt;1;nom
waste;1;ver
washingtonpost;1;nr
warhead;1;nom
wargames;1;nr
wannabe;1;nom
wanna;1;nr
wander;1;ver
walkthrough;1;nr
walk;1;nom
vt;1;nr
voter;1;nom
vladimir;1;nr
virtually;1;nr
virginia;1;nr
violation;1;nom
vigilante;1;nom
view;1;nom
victim;1;nom
vice;1;nom
vet;1;nom
version;1;nom
verify;1;ver
vent;1;ver
velcro;1;nr
vehicle;1;nom
vast;1;adj
variety;1;nom
vandenburg;1;nr
valley;1;nom
validation;1;nom
vaccine;1;nom
vaccinate;1;ver
v3es5iz;1;nr
uyghur;1;nr
utilize;1;ver
utdroyo;1;nr
utdforever58;1;nr
utah;1;nr
ussr;1;nr
ussfcc;1;nr
usnavy;1;nr
usmc;1;nr
username;1;nr
useless;1;nr
usatoday;1;nr
usarmy;1;nr
usairforce;1;nr
usage;1;nom
us_im;1;nr
url;1;nr
urge;1;ver
upvotes;1;nr
upper;1;nom
update;1;ver
unvetted;1;nr
unsettle;1;ver
unretrievable;1;nr
unrestrictedwarfare;1;nr
unreliable;1;nr
unpowered;1;nr
unlimited;1;nr
unlike;1;nr
unleash;1;ver
university;1;nom
universal;1;nom
unit;1;nom
unison;1;nom
uniparty;1;nr
unimpeded;1;nr
unfit;1;adj
unfasten;1;ver
unexplained;1;nr
undetected;1;nr
underwater;1;nom
underlie;1;ver
unconstitutional;1;nr
unclassified;1;nr
uncap;1;ver
unbiased;1;nr
unbelievable;1;nr
unaware;1;nr
unattended;1;nr
unarm;1;ver
um;1;nr
ukranian;1;nr
ukrainian;1;nr
uhm;1;nr
uapx;1;nr
uaptwitter;1;nr
u2;1;nr
tyrant;1;nom
tyranny;1;nom
twitchb;1;nr
twenty;1;nom
tweet;1;nom
tv;1;nr
tune;1;ver
tshit;1;nr
trump2024;1;nr
trove;1;nom
trouble;1;nom
trillion;1;nom
trib;1;nr
trespass;1;ver
trend;1;ver
treasury;1;nom
treasonous;1;nr
trea;1;nr
travesty;1;nom
trap;1;ver
transport;1;ver
transponder;1;nom
transnational;1;nom
transmission;1;nom
trainee;1;nom
toy;1;nom
toxic;1;nom
tower;1;nom
torch;1;ver
tool;1;nom
tonight;1;nom
tom;1;nom
toast;1;nom
titanic;1;nr
titan;1;nom
tinfoil;1;nom
tim;1;nr
til;1;nr
tier;1;nom
tie;1;ver
tiananmen;1;nr
thumbnail;1;nom
thumb;1;nom
throw;1;nom
throat;1;nom
thriller;1;nom
theyve;1;nr
theguardian;1;nr
theft;1;nom
the_pentagon;1;nr
thankful;1;adj
tfg;1;nr
tf;1;nr
terrorism;1;nom
terminal;1;nom
tendency;1;nom
ten;1;nom
televise;1;ver
tedio74;1;nr
technical;1;nr
tear;1;nom
team;1;nom
tbh;1;nr
tbf;1;nr
tax;1;nom
tape;1;nom
tao;1;nr
takeout;1;nom
tailor;1;ver
table;1;nom
synthetic;1;nom
synapse;1;nom
swipe;1;nom
swing;1;ver
sweetheart;1;nom
sweep;1;ver
sweat;1;ver
swalwell;1;nr
surveillan;1;nr
surrender;1;nom
surely;1;nr
suppress;1;ver
supposedly;1;nr
sullivan;1;nr
sufficient;1;nr
subreddit;1;nr
style;1;nom
stupidity;1;nom
string;1;nom
strategy;1;nom
strategic;1;nr
store;1;nom
stockpile;1;nom
stir;1;nom
stick;1;ver
step;1;nom
stem;1;ver
steer;1;ver
starbucks;1;nr
star;1;nom
stage;1;ver
spycraft;1;nr
spyballoon;1;nr
spokesperson;1;nom
spokesman;1;nom
spin;1;nom
spill;1;nom
spiffy;1;adj
spielberg;1;nr
speedboat;1;nom
speculation;1;nom
spectatorindex;1;nr
spectator;1;nom
specification;1;nom
spacedaily;1;nr
southeast;1;nom
soul;1;nom
soros;1;nr
solding;1;nr
sniffy;1;adj
snapchats;1;nr
smithereens;1;nr
smash;1;ver
smart;1;adj
small;1;adj
slow;1;adj
sleepyjoe;1;nr
skater;1;nom
sit;1;ver
siouxie;1;nr
sink;1;nom
sincere;1;adj
simultaneously;1;nr
simulation;1;nom
simply;1;nr
simple;1;adj
simp;1;nr
signature;1;nom
sigint;1;nr
sift;1;ver
sidewinder;1;nom
shut;1;ver
shouldnt;1;nr
shop;1;nom
shootdown;1;nr
shitpants;1;nr
shirt;1;nom
shiny;1;adj
shine;1;ver
shiiiiiit;1;nr
shift;1;nom
sherry;1;nom
shed;1;ver
shape;1;nom
shame;1;nom
shake;1;ver
sh;1;nr
settlement;1;nom
sequel;1;nom
september;1;nr
seoul;1;nr
sentiment;1;nom
senator;1;nom
seek;1;ver
seed;1;nom
secrecy;1;nom
seattle;1;nr
sd;1;nr
scum;1;nom
scrub;1;nom
screw;1;ver
scramble;1;nom
scouser;1;nr
scott;1;nr
score;1;nom
sci;1;nr
schizophrenia;1;nom
schedule;1;nom
scene;1;nom
scare;1;ver
scale;1;nom
sbf;1;nr
sattelites;1;nr
satellite_missile_test;1;nr
satelittes;1;nr
sample;1;nom
salt;1;adj
saga;1;nom
safe;1;adj
sacrifice;1;ver
sabotage;1;ver
ryder;1;nr
russias;1;nr
russi;1;nr
rush;1;ver
rundown;1;nom
rumble;1;nom
rug;1;nom
rude;1;adj
ruckus;1;nom
rubio;1;nr
rs;1;nr
rrwzkey;1;nr
royalty;1;nom
route;1;nom
round;1;adj
root;1;nom
roll;1;ver
rok;1;nr
rogue;1;nom
rofl;1;nr
rocket;1;nom
robotic;1;nr
robot;1;nom
roastery;1;nr
road;1;nom
rnc;1;nr
ripe;1;adj
rip;1;ver
rio;1;nr
rifle;1;nom
ridiculous;1;nr
ridicule;1;nom
ride;1;nom
reward;1;nom
revolutionize;1;ver
review;1;nom
reverse;1;nom
reut;1;nr
return;1;nom
retrieve;1;ver
rethink;1;nom
responsible;1;nr
resource;1;nom
reserve;1;nom
reread;1;ver
request;1;ver
repression;1;nom
repository;1;nom
reporter;1;nom
replacement;1;nom
reperations;1;nr
repayment;1;nom
remotely;1;nr
reminder;1;nom
reliable;1;nr
relevant;1;nr
relegate;1;ver
relay;1;nom
relative;1;nom
relationship;1;nom
relate;1;ver
regulation;1;nom
regular;1;nom
registration;1;nom
regional;1;nom
refc160;1;nr
reduce;1;ver
redesign;1;ver
redditors;1;nr
redditmedia;1;nr
recycle;1;ver
reconnaissance;1;nom
recommend;1;ver
recess;1;nom
reassemble;1;ver
realistically;1;nr
realised;1;nr
realclearpolitics;1;nr
reagan;1;nr
readiness;1;nom
reactive;1;nr
reactivate;1;ver
re;1;nom
rcna56847;1;nr
rcna44637;1;nr
raw;1;adj
rating;1;nom
rate;1;nom
ratcliffe;1;nr
rapist;1;nom
rank;1;nom
ranger;1;nom
range;1;nom
randomly;1;nr
ranch;1;nom
rail;1;ver
rage;1;nom
radioman;1;nom
rabbit;1;nom
qì;1;nr
quantifiable;1;nr
qiú;1;nr
pursuit;1;nom
pull;1;ver
psychopath;1;nom
psychology;1;nom
psi;1;nom
proxy;1;nom
province;1;nom
prove;1;ver
protoss;1;nr
protection;1;nom
prosecutor;1;nom
prosecute;1;ver
prosaic;1;nr
propose;1;ver
propel;1;ver
propagandize;1;ver
promote;1;ver
promise;1;nom
project_mogul;1;nr
project_moby_dick;1;nr
progress;1;ver
profit;1;nom
profile;1;nom
produce;1;nom
proctor;1;nom
probe;1;nom
prob;1;nr
proactive;1;nr
pro;1;nom
privacy;1;nom
prison;1;nom
priority;1;nom
price;1;nom
previously;1;nr
preview;1;nom
prevent;1;ver
pressure;1;nom
presidenting;1;nr
president_s;1;nr
presidency;1;nom
preserve;1;ver
presence;1;nom
premise;1;nom
prelude;1;nom
preliminary;1;nom
preference;1;nom
precious;1;nom
preacher;1;nom
praise;1;nom
pour;1;nom
potus;1;nr
potentially;1;nr
potato;1;nom
possibility;1;nom
possess;1;ver
portion;1;nom
pore;1;nom
pop;1;nom
plausible;1;nr
platform;1;nom
plant;1;nom
planet;1;nom
plain;1;adj
pivotal;1;nr
pitiful;1;adj
pipeline;1;nom
pilot;1;nom
pikachu;1;nr
pier;1;nom
piece;1;nom
pie;1;nom
phucken;1;nr
photography;1;nom
philhowarth;1;nr
pg13;1;nr
performance;1;nom
perform;1;ver
perfectly;1;nr
perfect;1;adj
penn;1;nr
penetrate;1;ver
peep;1;nom
peek;1;nom
payout;1;nom
paul;1;nr
pattern;1;nom
patriotism;1;nom
patrick;1;nr
pathetic;1;nr
paperwork;1;nom
palestine;1;nr
pale;1;adj
painfully;1;nr
pad;1;nom
package;1;nom
pack;1;nom
overwhelm;1;ver
oversee;1;ver
overly;1;nr
overfly;1;ver
overflow;1;ver
overcome;1;ver
outoftheloop;1;nr
otoh;1;nr
orpo;1;nr
originally;1;nr
oregon;1;nr
orchestrate;1;ver
opsec;1;nr
oppose;1;ver
operative;1;nom
operational;1;nr
operation_burnt_frost;1;nr
openly;1;nr
op;1;nom
ootl;1;nr
oooh;1;nr
olympic;1;nr
oligarch;1;nom
ol;1;nr
oklahoma;1;nr
okie;1;nr
ohio;1;nr
offshore;1;nr
offer;1;nom
occurrence;1;nom
occupy;1;ver
obligation;1;nom
objective;1;nom
obiden;1;nr
obama_s;1;nr
obama;1;nr
oann;1;nr
nzst;1;nr
nytimes;1;nr
nypost;1;nr
nypd;1;nr
nurse;1;ver
number;1;nom
nuclearforces;1;nr
npr;1;nr
notably;1;nr
nose;1;nom
northeast;1;nom
normal;1;nom
norfolk;1;nr
nope;1;nr
noooo;1;nr
nknews;1;nr
nimitz;1;nr
niche;1;nom
ngad;1;nr
nfscspeaks;1;nr
newsnation;1;nr
news5;1;nr
newly;1;nr
net;1;nom
nebraska;1;nr
nearby;1;nr
nc17;1;nr
nazi;1;nr
nautical;1;nr
nationwide;1;nr
nationalreview;1;nr
nationally;1;nr
nasa_s;1;nr
narcissistic;1;nr
narcissist;1;nom
myrtle;1;nom
myriad;1;nom
mutually;1;nr
mutilate;1;ver
mutate;1;ver
mustache;1;nom
museum;1;nom
mufc_family;1;nr
msn;1;nr
mrislandman67;1;nr
mr;1;nr
movie;1;nom
movement;1;nom
mouth;1;nom
mother;1;nom
moscow;1;nr
morse;1;nr
moron;1;nom
morningjoe;1;nr
morning;1;nom
moral;1;nom
moosecow;1;nr
monkey;1;nom
monger;1;ver
module;1;nom
moderator;1;nom
model;1;nom
mobile;1;nom
mob;1;nom
mo;1;nr
mix;1;ver
mitigation;1;nom
mitigate;1;ver
mit;1;nr
misogynistic;1;nr
mismanagement;1;nom
misinformation;1;nom
misconduct;1;nom
minute;1;nom
minion;1;nom
mine;1;nom
mildly;1;nr
midwestern;1;nr
midget;1;nom
microwave;1;nom
miamiherald;1;nr
meteor;1;nom
mess;1;nom
mericans;1;nr
mention;1;nom
menstrual;1;nr
memory;1;nom
memo;1;nom
membership;1;nom
megadeath;1;nom
meet;1;ver
medical;1;nom
mediation;1;nom
meaning;1;nom
meander;1;nom
mccarthy;1;nr
maximize;1;ver
max;1;ver
maui;1;nr
match;1;nom
mastermind;1;nom
masterful;1;nr
mast;1;ver
mason;1;nom
mask;1;ver
marxist;1;nr
marry;1;ver
marking;1;nom
marco;1;nr
march;1;nom
mar;1;ver
manual;1;nom
manipulation;1;nom
mandate;1;nom
mainframe;1;nom
main;1;adj
maim;1;ver
mad;1;adj
lung;1;nom
lunch;1;nom
luftwaffe;1;nr
luftballon;1;nr
lueelizondo;1;nr
lovely;1;adj
loudspeaker;1;nom
loud;1;adj
loser;1;nom
lord;1;nom
loop;1;nom
longitude;1;nom
lone;1;nr
lollll;1;nr
logical;1;nr
lock;1;nom
lmfao;1;nr
ll;1;nr
livestream;1;nr
liu;1;nr
list;1;ver
linger;1;ver
light;1;adj
lift;1;nom
lifetime;1;nom
lifelong;1;nr
license;1;nom
liberal;1;nom
liar;1;nom
lgm;1;nr
lesson;1;nom
length;1;nom
lend;1;ver
legitimately;1;nr
legislation;1;nom
legally;1;nr
leftist;1;nom
lee;1;nom
leadup;1;nr
lead;1;ver
lazy;1;adj
laxness;1;nom
latitude;1;nom
lastly;1;nr
lantern;1;nom
lahaina;1;nr
laffing;1;nr
labor;1;nom
koreas;1;nr
kor;1;nom
kool;1;nr
knock;1;ver
knight;1;nom
killer;1;nom
kick;1;ver
kgb;1;nr
kevin;1;nr
keen;1;adj
kazan;1;nr
kasparov63;1;nr
kasparov;1;nr
karman;1;nr
karen;1;nr
kamala;1;nr
justthenews;1;nr
justify;1;ver
justice;1;nom
judge;1;ver
jpg;1;nr
journal;1;nom
jontester;1;nr
jon;1;nr
john_nufc42;1;nr
john;1;nom
jizz;1;nr
jill;1;nr
jfk;1;nr
jew;1;nr
jetstream;1;nr
jeremycorbell;1;nr
jennaellisesq;1;nr
jenna;1;nr
jellyfish;1;nom
jehwfs2vbr0;1;nr
jeebus;1;nr
jed;1;nr
jaw;1;nom
james;1;nr
jake;1;nr
jail;1;nom
jack;1;nom
j6;1;nr
isis;1;nr
irrelevant;1;nr
irregularity;1;nom
iranian;1;nr
involve;1;ver
inventory;1;nom
invasion;1;nom
invader;1;nom
intrusion;1;nom
interview;1;nom
intervention;1;nom
internationally;1;nr
interior;1;nom
interference;1;nom
interaction;1;nom
intent;1;nom
intellectual;1;nom
insurrectionist;1;nom
instrument;1;nom
instance;1;nom
inspection;1;nom
inspect;1;ver
insight;1;nom
insanity;1;nom
insane;1;adj
innovative;1;nr
innocent;1;adj
ink;1;nom
initiative;1;nom
initiate;1;ver
inherit;1;ver
infrared;1;nom
informant;1;nom
inform;1;ver
inflict;1;ver
infertility;1;nom
industry;1;nom
indict;1;ver
indicative;1;nom
index;1;nom
indefinitely;1;nr
incredible;1;nr
increase;1;nom
inconsequential;1;nr
incompetence;1;nom
improve;1;ver
improbable;1;nr
impose;1;ver
imply;1;ver
implausible;1;nr
impersonate;1;ver
immigration;1;nom
immediately;1;nr
imaginary;1;nom
illinois;1;nr
illegally;1;nr
iii;1;nr
idiot;1;nom
identifiable;1;nr
hypothesis;1;nom
hypocrisy;1;nom
hyper;1;nom
hungry;1;adj
hunch;1;nom
humiliation;1;nom
http;1;nr
hostile;1;nom
hostage;1;nom
horse;1;nom
horrible;1;nr
horizontal;1;nom
horizon;1;nom
hope;1;nom
hooray;1;nom
honesty;1;nom
homenews;1;nr
homeless;1;nom
hogan;1;nom
hmmmmm;1;nr
hmmm;1;nr
hm;1;nr
hint;1;nom
hilariously;1;nr
hike;1;nom
hijack;1;nom
hig;1;nr
hep;1;adj
hemisphere;1;nom
helmet;1;nom
hellish;1;nr
height;1;nom
heck;1;nom
heaven;1;nom
healthcare;1;nr
hawkins;1;nr
hawaii;1;nr
havana;1;nr
hat;1;nom
harvey;1;nr
harrow;1;ver
harmless;1;nr
harm;1;ver
harbour;1;nom
harbor;1;nom
harassment;1;nom
handler;1;nom
handful;1;nom
hand;1;nom
hamas;1;nr
hainan;1;nr
hahahah;1;nr
haha;1;nr
habitual;1;nr
gun;1;nom
guard;1;nom
guam;1;nr
gtfo;1;nr
grow;1;ver
groom;1;nom
grocery;1;nom
greene;1;nr
green;1;adj
gravity;1;nom
grandmaster;1;nr
grande;1;nr
granddad;1;nom
grand;1;nom
grad;1;nom
gps;1;nr
governor;1;nom
governance;1;nom
govern;1;ver
gouge;1;nom
gotta;1;nr
gop;1;nr
goose;1;nom
googled;1;nr
gofuckyourself;1;nr
goal;1;nom
glue;1;ver
glad;1;adj
gg;1;nr
geosynchronous;1;nr
georgetown;1;nr
georgesstpierre;1;nr
geoguessers;1;nr
genuine;1;nr
genre;1;nom
generation;1;nom
geezer;1;nom
gee;1;nom
gaza;1;nr
gate;1;nom
garry;1;nr
garlic;1;nom
gallavanting;1;nr
galaxy;1;nom
fyi;1;nr
fury;1;nom
funky;1;adj
fundraise;1;ver
fun;1;adj
fulfill;1;ver
fuel;1;nom
fuckin;1;nr
frighten;1;ver
friendly;1;adj
frequent;1;adj
frequency;1;nom
freeze;1;nom
freakout;1;nom
frankly;1;nr
francis;1;nr
fr;1;nr
forward;1;adj
fork;1;nom
fool;1;nom
foia;1;nr
fluff;1;nom
flower;1;nom
flood;1;ver
flip;1;adj
flavor;1;nom
flare;1;nom
fl;1;nr
fkng;1;nr
fitness;1;nom
fish;1;ver
firefighter;1;nom
finish;1;nom
finally;1;nr
film;1;nom
file;1;nom
fifty;1;nom
fiasco;1;nom
fentanyl;1;nr
felon;1;nom
fbi;1;nr
favourite;1;nom
favorable;1;nr
fascinate;1;ver
farmland;1;nom
farm;1;nom
famine;1;nom
faithful;1;nom
faith;1;nom
fair;1;adj
facility;1;nom
facet;1;nom
f22;1;nr
f0xr;1;nr
eyeball;1;nom
eye;1;nom
extinction;1;nom
extent;1;nom
expose;1;ver
explosive;1;nom
explosion;1;nom
exploitation;1;nom
exploit;1;ver
explode;1;ver
explicitly;1;nr
explaination;1;nr
explain;1;ver
expertise;1;nom
expel;1;ver
expand;1;ver
exit;1;ver
exist;1;ver
exercise;1;nom
exclusive;1;nom
exclude;1;ver
examine;1;ver
exam;1;nom
evs;1;nr
evil;1;adj
everyday;1;nr
esper;1;nr
escalate;1;ver
erotic;1;nom
equivalent;1;nom
equivalency;1;nr
equip;1;ver
equal;1;nom
epidemic;1;nom
epic;1;nom
environment;1;nom
entry;1;nom
entity;1;nom
entirety;1;nom
ensure;1;ver
english;1;nr
engineer;1;ver
engagement;1;nom
engage;1;ver
energy;1;nom
endorse;1;ver
endless;1;nr
encourage;1;ver
empty;1;adj
emphasis;1;nom
emp;1;nr
embarrass;1;ver
email;1;nom
ellsworth;1;nr
element;1;nom
electronic;1;nr
electric;1;nom
electoral;1;nr
elect;1;ver
ejdf4mdjnh;1;nr
effort;1;nom
edt;1;nr
edition;1;nom
ect;1;nr
economics;1;nr
eater;1;nom
easter;1;nom
ease;1;nom
earthsky;1;nr
earnest;1;nom
ear;1;nom
duration;1;nom
dump;1;ver
dumbfucks;1;nr
dual;1;nom
drjonesnaturals;1;nr
driver;1;nom
drill;1;nom
drfited;1;nr
dress;1;nom
draw;1;ver
drama;1;nom
drain;1;ver
drag;1;nom
dozen;1;nom
downtown;1;nom
double;1;nom
dont;1;nr
donaldjtrumpjr;1;nr
domain;1;nom
doj;1;nr
doesnt;1;nr
dodge;1;ver
documentation;1;nom
dni;1;nr
dmv;1;nr
divert;1;ver
distribute;1;ver
disregard;1;nom
disproportionately;1;nr
dispatch;1;nom
dismiss;1;ver
dismantle;1;ver
dislike;1;ver
discussion;1;nom
discreet;1;adj
discove;1;nr
discourse;1;nom
disclose;1;ver
disavow;1;ver
disarm;1;ver
director;1;nom
direction;1;nom
direct;1;adj
diplomatic;1;nr
dimension;1;nom
dime;1;nom
difficult;1;nr
differently;1;nr
dickie;1;nom
diaspora;1;nr
dew;1;nom
devote;1;ver
determine;1;ver
detectable;1;nr
design;1;ver
description;1;nom
dereliction;1;nom
dependence;1;nom
depend;1;ver
deorbiting;1;nr
density;1;nom
demilitarize;1;ver
demand;1;nom
dei_d;1;nr
define;1;ver
defcon;1;nr
deepstate;1;nr
decline;1;ver
decide;1;ver
decency;1;nom
death;1;nom
dear;1;adj
dc;1;nr
darpa;1;nr
dangle;1;ver
danger;1;nom
dance;1;ver
dakotas;1;nr
customer;1;nom
curve;1;ver
curb;1;nom
cult;1;nom
crowd;1;nom
crop;1;nom
criminal;1;nom
crew;1;nom
creep;1;ver
credit;1;nom
crash;1;ver
crap;1;nom
crane;1;nom
craftsmanship;1;nom
crackhead;1;nr
cpc;1;nr
countless;1;nr
counterintelligence;1;nom
counter;1;nom
count;1;ver
costner;1;nr
costly;1;adj
costa;1;nom
corymillsfl;1;nr
corvallis;1;nr
corruption;1;nom
correlation;1;nom
correlate;1;ver
corporate;1;nr
coronavirus;1;nr
corner;1;nom
coordinate;1;nom
convict;1;nom
convey;1;ver
convert;1;ver
contribute;1;ver
contractual;1;nr
contractor;1;nom
context;1;nom
contest;1;nom
construction;1;nom
constitute;1;ver
constantly;1;nr
consistently;1;nr
consist;1;ver
conservative;1;nom
connection;1;nom
connect;1;ver
connally;1;nr
congressman;1;nom
congressional;1;nr
congress;1;nom
conflict;1;ver
confident;1;nom
confidence;1;nom
confess;1;ver
conference;1;nom
conduct;1;nom
conclude;1;ver
concession;1;nom
compound;1;nom
compose;1;ver
complex;1;adj
compel;1;ver
comparison;1;nom
compare;1;ver
comms;1;nr
commie;1;nom
commercial;1;nom
commenter;1;nr
commander;1;nom
colon;1;nom
collision;1;nom
collection;1;nom
cold;1;adj
cokeahontus;1;nr
coffee;1;nom
cockroach;1;nom
coastline;1;nom
cm;1;nr
clutter;1;nom
clownshow;1;nr
clown;1;nom
cloursr;1;nr
clause;1;nom
classification;1;nom
clampet;1;nr
city;1;nom
circlejerk;1;nr
church;1;nom
chuck;1;nom
christ;1;nr
choice;1;adj
chicoms;1;nr
chicken;1;nom
chick;1;nom
cheyenne;1;nr
chest;1;nom
chess;1;nom
chen;1;nr
cheer;1;ver
checkmate;1;nom
cheat;1;ver
cheap;1;adj
chat;1;nom
chase;1;nom
charlie;1;nr
charity;1;nom
characteristic;1;nom
character;1;nom
chance;1;nom
chain;1;nom
cgqebvlmfaq;1;nr
certainty;1;nom
centre;1;nom
central;1;adj
cdnpoli;1;nr
cbsnews;1;nr
cbs;1;nr
causation;1;nom
cattle;1;nr
catholics;1;nr
catalogue;1;ver
casually;1;nr
cash;1;nom
carve;1;ver
cartel;1;nom
carrier;1;nom
carolinas;1;nr
cargos;1;nr
career;1;nom
capacity;1;nom
cap;1;nom
candidate;1;nom
canadians;1;nr
campaig;1;nr
camp;1;adj
cabinet;1;nom
bystander;1;nom
buzz;1;nom
butthurt;1;nr
busin;1;nr
burn;1;ver
burlington;1;nr
burisma;1;nr
burger;1;nom
buoy;1;nom
bully;1;adj
bullshit;1;nom
buddy;1;nom
bst;1;nr
brunner;1;nr
broadcast;1;ver
broad;1;adj
brink;1;nom
bright;1;adj
brigadier;1;nom
briefing;1;nom
bribe;1;nom
breach;1;ver
brandon;1;nr
brand;1;nom
brainwash;1;ver
boyfriend;1;nom
bout;1;nom
bottom;1;nom
bottle;1;nom
bother;1;nom
bot;1;nom
bomber;1;nom
bold;1;adj
boeing;1;nr
boat;1;nom
blue;1;adj
blinken;1;nr
blimp;1;nom
bless;1;ver
bleach;1;nom
blackmail;1;ver
blacklocks;1;nr
bizarre;1;nr
bird;1;nom
biologic;1;nom
biolabs;1;nr
bidumbs;1;nr
bidenworsepresident;1;nr
bidenharris;1;nr
bidder;1;nom
bias;1;nom
bestial;1;nr
benniewilson111;1;nr
benefit;1;nom
ben;1;nom
beloved;1;nom
beholden;1;nr
behemoth;1;nom
bean;1;nom
beach;1;nom
bbc;1;nr
bay;1;nom
battle;1;nom
battery;1;nom
basis;1;nom
baselessly;1;nr
bartender;1;nom
barrier;1;nom
bark;1;ver
baptize;1;ver
baptist;1;nr
banshee;1;nom
ban;1;ver
ballons;1;nr
bait;1;nom
baidu;1;nr
b4;1;nr
b1hct4;1;nr
awe;1;nom
avoid;1;ver
automotive;1;nr
auto;1;nom
authority;1;nom
australia;1;nr
attend;1;ver
atrocity;1;nom
atmosphere;1;nom
atlas;1;nom
atensnut;1;nr
astray;1;nr
association;1;nom
assistance;1;nom
assign;1;ver
aspect;1;nom
art;1;nom
arse;1;nom
array;1;nom
arrange;1;ver
armor;1;nom
arm;1;nom
argue;1;ver
arent;1;nr
arbitrary;1;nom
april;1;nr
approximately;1;nr
approx;1;nr
approve;1;ver
approval;1;nom
appeal;1;nom
apparent;1;nr
app;1;nr
apology;1;nom
apocalypse;1;nom
apnews;1;nr
aperture;1;nom
anymore;1;nr
antenna;1;nom
annual;1;nom
annoy;1;ver
announce;1;ver
annetteh0526;1;nr
angular;1;nr
anger;1;nom
anecdote;1;nom
analysis;1;nom
ammonia;1;nom
ammo;1;nom
alysa;1;nr
alter;1;ver
align;1;ver
alien;1;nom
alaskan;1;nr
al;1;nr
aid;1;nom
aggressor;1;nom
aggressively;1;nr
aggression;1;nom
afternoon;1;nom
affect;1;nom
aesthetic;1;nom
aest;1;nr
adulterer;1;nom
admin;1;nr
adjacent;1;nr
address;1;ver
additionally;1;nr
addition;1;nom
adapt;1;ver
actor;1;nom
activist;1;nom
actively;1;nr
activatible;1;nr
aclu;1;nr
achieve;1;ver
accusation;1;nom
accurate;1;nr
accomplishment;1;nom
acceptable;1;nr
abysmal;1;nr
abuser;1;nom
abuse;1;nom
absolute;1;adj
ability;1;nom
aaaaaand;1;nr
a654;1;nr
9ad8;1;nr
98de;1;nr
975e;1;nr
95fb;1;nr
95ee;1;nr
90th;1;nr
90a3;1;nr
901a;1;nr
900a78538242_story;1;nr
8pm;1;nr
8feb;1;nr
8d44;1;nr
8d39;1;nr
8bf4;1;nr
8ba4;1;nr
884c;1;nr
80c1;1;nr
800c;1;nr
7f8e;1;nr
7edd;1;nr
7ecf;1;nr
7ebf;1;nr
7eaa;1;nr
7caa;1;nr
79cd;1;nr
79c0;1;nr
798f;1;nr
786c;1;nr
77ed;1;nr
77e5;1;nr
76f4;1;nr
767d;1;nr
747s;1;nr
70s;1;nr
706d;1;nr
6e90;1;nr
6e7e;1;nr
6d4e;1;nr
6cd5;1;nr
6c49;1;nr
6c11;1;nr
6bcf;1;nr
67d0;1;nr
673a;1;nr
671f;1;nr
65f6;1;nr
65e0;1;nr
65cf;1;nr
65b0;1;nr
64ad;1;nr
63d0;1;nr
62e5;1;nr
624d;1;nr
61c2;1;nr
610f;1;nr
601d;1;nr
5f97;1;nr
5f88;1;nr
5f80;1;nr
5f53;1;nr
5f00;1;nr
5efa;1;nr
5ea6;1;nr
5e76;1;nr
5e74;1;nr
5e26;1;nr
5bbd;1;nr
5bb6;1;nr
5bb3;1;nr
5b89;1;nr
5b66;1;nr
59cb;1;nr
591f;1;nr
591a;1;nr
540e;1;nr
53f0;1;nr
53c2;1;nr
51fa;1;nr
519c;1;nr
516c;1;nr
50k;1;nr
503c;1;nr
500k;1;nr
4fc4;1;nr
4f60;1;nr
4f5c;1;nr
4f59;1;nr
4f20;1;nr
4f11;1;nr
4eca;1;nr
4e94;1;nr
4e48;1;nr
4e3b;1;nr
4e2d;1;nr
4e16;1;nr
4e0d;1;nr
4e0b;1;nr
4e0a;1;nr
3xyiygz;1;nr
3q5cbkenrcwigxh2zlzd62lylrgfsy7r94ibjos8698;1;nr
3otv;1;nr
3l6xhbb;1;nr
3ihljcj;1;nr
3i2vi5b;1;nr
3di1xvf;1;nr
35m;1;nr
30ish;1;nr
2pacmufc;1;nr
2jy3ju;1;nr
26d3;1;nr
2007_chinese_anti;1;nr
1y1ya;1;nr
1am;1;nr
1930s;1;nr
15s;1;nr
12pm;1;nr
120mph;1;nr
11ec;1;nr
10am;1;nr
100k;1;nr
06448e3c7773090c02501dc2782c6fd91ddab185;1;nr
045d;1;nr
00b9a358;1;nr
0001fae1;1;nr
0001fabc;1;nr
0001f924;1;nr
0001f913;1;nr
0001f633;1;nr
0001f62d;1;nr
0001f61c;1;nr
0001f609;1;nr
0001f606;1;nr
0001f605;1;nr
0001f604;1;nr
0001f4a9;1;nr
0001f447;1;nr
0001f440;1;nr
0001f402;1;nr
0001f3fd;1;nr
0001f3fc;1;nr
0001f1ff;1;nr
0001f1f2;1;nr
0001f1ec;1;nr
0001f1e7;1;nr
0001f1e6;1;nr