"";"*phase_Après";"*phase_Début";"*phase_Pic"
"every";1;6;3
"force";0;8;4
"even";2;7;13
"china";16;25;24
"military";0;6;7
"would";8;10;13
"tell";1;5;4
"me";1;5;7
"i_m";0;5;8
"want";2;6;4
"how";8;15;5
"answer";0;8;3
"classify";1;9;6
"over";7;12;7
"before";2;5;5
"then";1;6;7
"them";3;9;8
"they";21;48;34
"mean";4;7;8
"do";6;16;8
"we";13;32;23
"were";7;9;3
"news";3;2;6
"com";2;8;9
"been";5;7;11
"has";4;10;12
"air";1;6;5
"is";21;68;48
"it";40;79;59
"in";19;62;34
"if";6;23;17
"make";1;9;12
"satellite";6;11;8
"the";89;184;129
"just";7;22;15
"had";5;7;6
"www";1;4;7
"for";7;27;24
"post";1;11;2
"montana";2;12;2
"down";7;18;15
"was";20;18;12
"war";1;3;10
"it_s";4;38;30
"delete";4;7;2
"no";9;13;10
"time";2;8;6
"shoot";5;17;12
"did";3;3;5
"my";3;7;10
"https";11;14;13
"doesn_t";1;10;5
"fly";3;8;8
"can";6;14;9
"information";6;7;3
"so";6;12;25
"into";1;11;4
"not";12;33;27
"now";2;4;5
"space";2;3;5
"org";4;3;3
"thing";7;7;9
"think";3;8;6
"one";3;10;4
"that";29;66;44
"than";7;7;3
"and";28;77;44
"say";3;4;3
"any";5;10;2
"take";4;16;4
"track";1;2;7
"only";3;4;4
"get";4;6;5
"that_s";2;8;5
"where";1;9;3
"those";3;12;1
"s";12;10;4
"surveillance";1;9;0
"document";2;7;5
"being";0;8;5
"around";3;8;1
"on";18;32;15
"of";42;60;41
"or";4;18;11
"your";2;11;3
"lol";0;5;6
"with";9;29;10
"as";3;12;16
"at";2;27;13
"you";10;50;24
"all";6;12;15
"chinese";8;21;15
"to";36;97;88
"very";1;9;4
"what";10;14;8
"more";4;6;15
"a";42;98;55
"they_re";1;6;3
"its";3;9;6
"good";5;4;2
"someone";2;6;2
"really";1;6;4
"reason";2;4;6
"base";0;14;1
"launch";0;8;3
"american";1;3;6
"believe";3;5;5
"i";18;45;30
"also";3;10;5
"silo";2;17;1
"remove";0;10;1
"intelligence";12;3;1
"are";11;37;16
"aircraft";0;6;4
"secret";4;10;5
"person";4;7;7
"world";4;4;3
"gt";7;4;4
"some";4;6;6
"be";5;27;16
"by";4;6;4
"question";2;6;2
"up";3;4;6
"us";7;19;15
"don_t";0;19;8
"go";1;10;4
"didn_t";6;5;4
"got";4;7;1
"airspace";0;10;7
"spy";21;16;21
"from";11;18;11
"missile";1;14;1
"this";9;27;23
"when";2;8;5
"high";6;8;3
"can_t";0;9;1
"our";3;14;6
"out";3;12;8
"cause";3;4;3
"could";7;10;10
"there";10;19;10
"their";8;7;10
"see";3;3;6
"other";3;12;9
"have";16;29;14
"need";2;8;3
"which";2;5;3
"who";2;7;2
"said";5;6;0
"but";5;22;17
"why";8;11;14
"probably";1;4;6
"stuff";2;8;1
"national";1;4;5
"reddit";2;8;2
"state";6;7;4
"an";2;5;9
"country";7;5;3
"balloon";24;32;21
"well";2;5;6
"government";5;6;5
"know";3;17;16
"like";4;7;12
"because";11;8;6
"home";0;12;1
"does";3;6;5
"about";3;23;10
"weather";3;5;3
"official";0;8;2
"u";23;7;4
