balloon;77;nom
china;65;nom
spy;58;ver
chinese;44;nr
https;38;nr
know;36;ver
shoot;34;nom
what;32;nom
satellite;25;nom
thing;23;nom
like;23;nom
silo;20;nom
secret;19;nom
fly;19;ver
person;18;nom
state;17;ver
high;17;adj
airspace;17;nom
time;16;nom
montana;16;nr
missile;16;nom
intelligence;16;nom
information;16;nom
government;16;nom
classify;16;ver
gt;15;nr
country;15;nom
base;15;adj
war;14;nom
post;14;ver
document;14;nom
need;13;ver
military;13;nom
home;13;nom
delete;13;ver
believe;13;ver
www;12;nr
reddit;12;nr
reason;12;ver
force;12;nom
air;12;adj
world;11;nom
weather;11;nom
stuff;11;nom
remove;11;ver
news;11;nom
lol;11;nr
launch;11;nom
good;11;adj
answer;11;nom
track;10;ver
tell;10;ver
surveillance;10;nom
space;10;nom
question;10;nom
org;10;nr
official;10;nom
national;10;nom
american;10;nr
aircraft;10;nom
talk;9;ver
release;9;nom
public;9;nom
nuclear;9;nr
hear;9;ver
ccp;9;nr
big;9;adj
work;8;nom
wikipedia;8;nr
unite;8;ver
top;8;nom
south;8;nom
source;8;nom
risk;8;nom
population;8;nom
point;8;ver
nation;8;nom
low;8;adj
leave;8;ver
equipment;8;nom
comment;8;nom
america;8;nr
airship;8;nom
yeah;7;nom
wiki;7;nr
watch;7;nom
side;7;nom
rule;7;nom
prc;7;nr
plane;7;nom
nuke;7;nom
literally;7;nr
let;7;nom
house;7;nom
guy;7;nom
google;7;nr
en;7;nom
device;7;nom
dakota;7;nr
confirm;7;ver
concern;7;nom
collect;7;nom
claim;7;nom
bad;7;adj
area;7;nom
altitude;7;nom
wing;6;nom
wait;6;nom
tiktok;6;nr
super;6;nom
pretty;6;adj
president;6;nom
pentagon;6;nom
money;6;nom
man;6;nom
lot;6;nom
land;6;ver
icbm;6;nr
hide;6;nom
hard;6;adj
foreign;6;nr
find;6;ver
fairly;6;nr
easy;6;adj
drift;6;nom
debris;6;nom
clearance;6;nom
budget;6;nom
biden;6;nr
basically;6;nr
aware;6;adj
assume;6;ver
asian;6;nr
actual;6;nom
0001f1fa;6;nr
0001f1f8;6;nr
word;5;nom
understand;5;ver
twitter;5;nom
surprise;5;nom
signal;5;nom
shit;5;ver
sense;5;nom
receive;5;ver
racism;5;nom
press;5;ver
play;5;ver
picture;5;nom
pacific;5;nr
north;5;nom
move;5;nom
location;5;nom
live;5;adj
lie;5;nom
job;5;nom
jet;5;nom
international;5;nom
intercept;5;ver
info;5;nom
include;5;ver
important;5;nr
give;5;nom
fuck;5;nom
due;5;nom
develop;5;ver
craft;5;nom
consider;5;ver
communication;5;nom
capability;5;nom
back;5;nom
afb;5;nr
admit;5;ver
wrong;4;adj
wow;4;nom
wind;4;nom
white;4;adj
travel;4;nom
thunder;4;nom
threat;4;nom
superpower;4;nom
stray;4;ver
statement;4;nom
start;4;nom
size;4;nom
situation;4;nom
site;4;nom
send;4;nom
security;4;nom
report;4;ver
remember;4;ver
regret;4;nom
proven;4;nr
path;4;nom
orbit;4;nom
mistake;4;nom
minuteman;4;nom
ministry;4;nom
long;4;adj
line;4;nom
issue;4;nom
intel;4;nr
incident;4;nom
happen;4;ver
gov;4;nr
gonna;4;nr
gather;4;ver
gain;4;ver
foot;4;nom
float;4;nom
feel;4;ver
fast;4;adj
false;4;adj
fall;4;nom
entire;4;nom
effective;4;nom
edit;4;nom
earth;4;nom
detail;4;nom
defense;4;nom
deal;4;nom
datum;4;nom
cool;4;adj
comer;4;nom
close;4;adj
civilian;4;nom
check;4;nom
capable;4;adj
bullet;4;nom
build;4;ver
break;4;nom
billion;4;nom
beam;4;nom
automatically;4;nr
assessment;4;nom
act;4;nom
accuse;4;ver
youtube;3;nr
yea;3;nom
wyoming;3;nr
worth;3;nom
worry;3;ver
wildfire;3;nom
weapon;3;nom
water;3;nom
violate;3;ver
trust;3;nom
true;3;adj
troll;3;nom
test;3;ver
target;3;nom
student;3;nom
status;3;nom
spread;3;ver
speed;3;nom
sort;3;nom
sky;3;nom
single;3;nom
similar;3;nr
shelf;3;nom
russian;3;nr
reveal;3;nom
retaliation;3;nom
restrict;3;ver
responsibility;3;nom
resolution;3;nom
research;3;nom
reply;3;ver
redd;3;nr
recognize;3;ver
real;3;adj
propaganda;3;nom
professor;3;nom
problem;3;nom
place;3;nom
piss;3;nom
penis;3;nom
past;3;nom
part;3;nom
paper;3;nom
oversight;3;nom
operation;3;nom
open;3;adj
obvious;3;nr
note;3;nom
nature;3;nom
multiple;3;nom
middle;3;nom
matter;3;nom
manage;3;ver
majority;3;nom
major;3;nom
maintain;3;ver
lose;3;ver
locate;3;ver
load;3;nom
lmao;3;nr
literal;3;nom
limit;3;ver
likelihood;3;nom
level;3;nom
launder;3;ver
late;3;adj
label;3;ver
kind;3;adj
kill;3;ver
joke;3;nom
joe;3;nr
instruction;3;nom
incredibly;3;nr
incendiary;3;nom
idk;3;nr
hurt;3;ver
history;3;nom
handle;3;nom
guess;3;nom
group;3;nom
great;3;adj
govt;3;nr
garage;3;nom
forum;3;nom
flight;3;nom
fleet;3;adj
fine;3;adj
fee;3;ver
falsely;3;nr
expect;3;ver
evidence;3;nom
event;3;nom
enter;3;ver
enemy;3;nom
end;3;nom
em;3;nom
easily;3;nr
drone;3;nom
dod;3;nr
discord;3;nom
destruct;3;nom
deploy;3;ver
decommission;3;ver
day;3;nom
damn;3;nom
cross;3;adj
couple;3;nom
cost;3;ver
control;3;nom
contact;3;nom
conjunction;3;nom
confuse;3;ver
case;3;nom
call;3;nom
california;3;nr
buy;3;ver
bro;3;nom
assumption;3;nom
apparently;3;nr
anti;3;nom
alberta;3;nr
agent;3;nom
active;3;nom
account;3;nom
access;3;ver
accept;3;ver
youtu;2;nr
year;2;nom
whaddya;2;nr
western;2;nom
westerly;2;nom
website;2;nom
washington;2;nr
warthunder;2;nr
warren;2;nom
vote;2;ver
visible;2;nr
video;2;nom
velocity;2;nom
ve;2;nr
uncover;2;ver
turn;2;nom
truth;2;nom
trump;2;nom
trip;2;nom
treaty;2;nom
transit;2;ver
transcript;2;nom
tour;2;nom
touch;2;nom
totally;2;nr
total;2;nom
topic;2;nom
today;2;nom
thread;2;nom
technology;2;nom
technique;2;nom
technically;2;nr
tech;2;nom
teach;2;ver
tank;2;nom
system;2;nom
suddenly;2;nr
stupid;2;adj
strike;2;nom
story;2;nom
steal;2;ver
station;2;nom
standard;2;nom
spudnik;2;nr
spot;2;nom
spend;2;ver
sovereign;2;nom
sound;2;adj
soon;2;adj
solution;2;nom
sincerely;2;nr
significantly;2;nr
share;2;ver
senior;2;nom
secure;2;adj
sea;2;nom
scientific;2;nr
sc;2;nr
sausage;2;nom
room;2;nom
risky;2;adj
reuters;2;nr
response;2;nom
require;2;ver
regularly;2;nr
recent;2;adj
reasonable;2;nr
realize;2;ver
random;2;nom
raise;2;nom
radar;2;nom
racist;2;nom
put;2;ver
publicly;2;nr
property;2;nom
properly;2;nr
project_genetrix;2;nr
previous;2;nr
power;2;nom
possibly;2;nr
position;2;nom
populate;2;ver
pooh;2;nom
pokémon;2;nr
plenty;2;nom
pill;2;nom
pics;2;nr
pick;2;nom
payload;2;nom
paint;2;nom
oswald;2;nr
opinion;2;nom
operate;2;ver
ooh;2;ver
numb;2;adj
notice;2;ver
noaa;2;nr
nbcnews;2;nr
nah;2;nr
monitor;2;ver
minot;2;nr
milley;2;nr
militarybases;2;nr
mile;2;nom
midwest;2;nr
meteorological;2;nr
measure;2;ver
material;2;nom
massive;2;nr
mark;2;nom
malmstrom;2;nr
majeure;2;nr
link;2;nom
legal;2;nom
learn;2;ver
leak;2;nom
large;2;adj
knowledge;2;nom
kinda;2;nr
kansas;2;nr
justification;2;nom
jpeg;2;nr
iraq;2;nr
interest;2;ver
intend;2;ver
influence;2;nom
incompetent;2;nom
imagine;2;ver
imagery;2;nom
iirc;2;nr
identify;2;ver
human;2;nom
huge;2;adj
html;2;nr
hour;2;nom
hold;2;nom
hit;2;ver
highly;2;nr
heavily;2;nr
hate;2;nom
grind;2;ver
grass;2;nom
genuinely;2;nr
generally;2;nr
general;2;nom
game;2;adj
funny;2;adj
fully;2;nr
frkjt6b1k5mc1;2;nr
fpu5a0bl8ey;2;nr
form;2;nom
forget;2;ver
follow;2;nom
fix;2;ver
fighter;2;nom
field;2;nom
fear;2;nom
farmer;2;nom
fact;2;nom
facetious;2;nr
extra;2;nom
explanation;2;nom
excuse;2;nom
espionage;2;nom
employee;2;nom
embassy;2;nom
dumb;2;adj
dude;2;nom
drop;2;nom
downvoted;2;nr
doubt;2;nom
domestic;2;nom
discuss;2;ver
dick;2;nom
deviate;2;ver
delivery;2;nom
deem;2;ver
declassify;2;ver
decade;2;nom
date;2;nom
dangerous;2;nr
cut;2;nom
curious;2;adj
cuff;2;nom
crazy;2;nom
correct;2;adj
cook;2;nom
continue;2;ver
continent;2;nom
conspiracy;2;nom
concrete;2;nom
completely;2;nr
common;2;adj
command;2;nom
collapse;2;nom
coastal;2;nr
cnn;2;nr
class;2;nom
circle;2;nom
cia;2;nr
chunk;2;nom
charleston;2;nr
carry;2;ver
care;2;nom
cancel;2;nom
bus;2;nom
bunch;2;nom
bring;2;ver
brief;2;ver
boundary;2;nom
book;2;nom
board;2;nom
blame;2;nom
bite;2;ver
bitch;2;nom
bet;2;ver
belong;2;ver
behavior;2;nom
bear;2;nom
basement;2;nom
ballon;2;nr
background;2;nom
attention;2;nom
assure;2;ver
asia;2;nr
appliance;2;nom
amp;2;nom
americans;2;nr
ally;2;nom
allow;2;ver
alaska;2;nr
aim;2;nom
ah;2;nr
agree;2;ver
ago;2;nr
agency;2;nom
advance;2;ver
additional;2;nr
action;2;nom
accidentally;2;nr
accident;2;nom
absolutely;2;nr
91st;2;nr
341st;2;nr
10x;2;nr
yup;1;nom
yo;1;nr
yf35g;1;nr
yesterday;1;nom
yellowstone;1;nr
yearly;1;nom
x200b;1;nr
wwii;1;nr
wrongfully;1;nr
write;1;ver
wreckage;1;nom
wowwwwww;1;nr
wouldve;1;nr
worldnews;1;nr
wont;1;nom
woman;1;nom
wmds;1;nr
wise;1;adj
wipe;1;ver
winnie;1;nr
win;1;nom
wildweatherdan;1;nr
wild;1;adj
widely;1;nr
wide;1;adj
wichita;1;nr
whiteman;1;nr
west;1;nom
webp;1;nr
web;1;nom
weaponized;1;nr
weak;1;adj
wave;1;nom
watt;1;nom
washingtonpost;1;nr
warrant;1;nom
warhead;1;nom
wargames;1;nr
wander;1;ver
wall;1;nom
walk;1;nom
virtually;1;nr
violation;1;nom
vice;1;nom
vessel;1;nom
verify;1;ver
verge;1;nom
velcro;1;nr
vehicle;1;nom
vast;1;adj
variety;1;nom
vandenburg;1;nr
uyghur;1;nr
utilize;1;ver
ussr;1;nr
username;1;nr
useless;1;nr
usatoday;1;nr
usage;1;nom
usa;1;nr
url;1;nr
upvotes;1;nr
update;1;ver
unreliable;1;nr
unpowered;1;nr
unlike;1;nr
university;1;nom
universal;1;nom
unit;1;nom
unfasten;1;ver
unclassified;1;nr
uncap;1;ver
unbiased;1;nr
unbelievable;1;nr
unattended;1;nr
uhm;1;nr
typical;1;nr
twitchb;1;nr
twenty;1;nom
tshit;1;nr
trove;1;nom
trouble;1;nom
troop;1;nom
trillion;1;nom
trend;1;ver
trash;1;nom
transnational;1;nom
transmit;1;ver
transmission;1;nom
trajectory;1;nom
trainee;1;nom
train;1;ver
trade;1;nom
toxic;1;nom
tower;1;nom
tool;1;nom
ton;1;nom
tom;1;nom
titan;1;nom
tinfoil;1;nom
til;1;nr
tier;1;nom
tiananmen;1;nr
thumbnail;1;nom
thumb;1;nom
thehill;1;nr
theguardian;1;nr
theft;1;nom
the_pentagon;1;nr
terrorism;1;nom
territory;1;nom
terminal;1;nom
tension;1;nom
tendency;1;nom
tbh;1;nr
tbf;1;nr
tape;1;nom
tao;1;nr
takeout;1;nom
table;1;nom
synthetic;1;nom
surveillan;1;nr
surely;1;nr
supposedly;1;nr
sunday;1;nr
sufficient;1;nr
subreddit;1;nr
submarine;1;nom
style;1;nom
stupidity;1;nom
study;1;nom
string;1;nom
street;1;nom
stream;1;nom
strategy;1;nom
straight;1;adj
stop;1;nom
stockpile;1;nom
stick;1;ver
step;1;nom
steer;1;ver
stay;1;nom
starbucks;1;nr
staff;1;nom
spycraft;1;nr
spyballoon;1;nr
sport;1;nom
spokesperson;1;nom
spielberg;1;nr
speculation;1;nom
spectatorindex;1;nr
special;1;adj
southeast;1;nom
sole;1;nom
solding;1;nr
soldier;1;nom
soil;1;nom
snapchats;1;nr
smithereens;1;nr
smart;1;adj
small;1;adj
skater;1;nom
sincere;1;adj
simultaneously;1;nr
simply;1;nr
simple;1;adj
significant;1;nom
signature;1;nom
sigint;1;nr
sift;1;ver
shut;1;ver
show;1;nom
shouldnt;1;nr
short;1;adj
shop;1;nom
shock;1;ver
shill;1;nom
sherry;1;nom
shape;1;nom
sex;1;nom
settlement;1;nom
set;1;ver
sequel;1;nom
sentiment;1;nom
sensitive;1;nom
sell;1;ver
seed;1;nom
seattle;1;nr
search;1;nom
sd;1;nr
scrutiny;1;nom
scrub;1;nom
scott;1;nr
score;1;nom
scientist;1;nom
sci;1;nr
school;1;nom
schizophrenia;1;nom
schedule;1;nom
scene;1;nom
scare;1;ver
sbf;1;nr
save;1;nom
sattelites;1;nr
satellite_missile_test;1;nr
satelittes;1;nr
salt;1;adj
safe;1;adj
ryder;1;nr
russia;1;nr
run;1;ver
rude;1;adj
round;1;adj
root;1;nom
rocket;1;nom
roastery;1;nr
road;1;nom
rise;1;ver
ripe;1;adj
ridiculous;1;nr
rid;1;ver
reward;1;nom
review;1;nom
result;1;nom
restriction;1;nom
resource;1;nom
reread;1;ver
repression;1;nom
repository;1;nom
reporter;1;nom
remotely;1;nr
reminder;1;nom
remain;1;ver
relevant;1;nr
relegate;1;ver
relay;1;nom
relative;1;nom
relationship;1;nom
relate;1;ver
regulation;1;nom
regular;1;nom
registration;1;nom
regional;1;nom
refuse;1;ver
reduce;1;ver
redditors;1;nr
redditmedia;1;nr
red;1;ver
recycle;1;ver
recover;1;ver
record;1;nom
reconnaissance;1;nom
recommend;1;ver
reassemble;1;ver
reality;1;nom
realistically;1;nr
read;1;ver
reactivate;1;ver
rcna56847;1;nr
rcna44637;1;nr
randomly;1;nr
ranch;1;nom
rail;1;ver
radioman;1;nom
radio;1;nom
rabbit;1;nom
quantifiable;1;nr
pull;1;ver
provide;1;ver
prove;1;ver
protoss;1;nr
protect;1;ver
propose;1;ver
propagandize;1;ver
proof;1;nom
project_s;1;nr
project_mogul;1;nr
project_moby_dick;1;nr
progress;1;ver
program;1;nom
profile;1;nom
produce;1;nom
proctor;1;nom
process;1;nom
prob;1;nr
pro;1;nom
privacy;1;nom
previously;1;nr
preview;1;nom
prevent;1;ver
pretend;1;ver
pressure;1;nom
presence;1;nom
prepare;1;ver
premise;1;nom
preliminary;1;nom
powerful;1;nr
pour;1;nom
potential;1;nom
potato;1;nom
pose;1;nom
pop;1;nom
police;1;nom
pocket;1;nom
player;1;nom
plausible;1;nr
platform;1;nom
plant;1;nom
plan;1;nom
plain;1;adj
pla;1;nr
pikachu;1;nr
piece;1;nom
pie;1;nom
photography;1;nom
photo;1;nom
phone;1;nom
perform;1;ver
perfectly;1;nr
peep;1;nom
peek;1;nom
patrick;1;nr
party;1;nom
paperwork;1;nom
pale;1;adj
painfully;1;nr
pack;1;nom
ownership;1;nom
overly;1;nr
overfly;1;ver
overcome;1;ver
outoftheloop;1;nr
otoh;1;nr
orpo;1;nr
opsec;1;nr
operative;1;nom
operational;1;nr
operation_burnt_frost;1;nr
op;1;nom
ootl;1;nr
oooh;1;nr
onboard;1;nr
olympic;1;nr
ohio;1;nr
officer;1;nom
office;1;nom
offer;1;nom
occurrence;1;nom
occasionally;1;nr
occasion;1;nom
object;1;nom
nypd;1;nr
number;1;nom
nuclearforces;1;nr
npr;1;nr
northern;1;nom
northeast;1;nom
norad;1;nr
noooo;1;nr
nimitz;1;nr
niche;1;nom
nebraska;1;nr
nautical;1;nr
narrative;1;nom
myriad;1;nom
mutually;1;nr
mutilate;1;ver
museum;1;nom
movie;1;nom
movement;1;nom
mouth;1;nom
moron;1;nom
morning;1;nom
moral;1;nom
month;1;nom
monkey;1;nom
monger;1;ver
moment;1;nom
module;1;nom
moderator;1;nom
model;1;nom
mo;1;nr
mix;1;ver
mitigation;1;nom
mitigate;1;ver
mit;1;nr
miss;1;nom
mismanagement;1;nom
misinformation;1;nom
minute;1;nom
minion;1;nom
mine;1;nom
mildly;1;nr
midwestern;1;nr
microwave;1;nom
message;1;nom
megadeath;1;nom
medium;1;nom
max;1;ver
mastermind;1;nom
masterful;1;nr
mast;1;ver
mass;1;nom
marry;1;ver
marking;1;nom
mar;1;ver
map;1;nom
mainland;1;nom
maim;1;ver
mad;1;adj
lunch;1;nom
luftballon;1;nr
love;1;ver
lord;1;nom
loop;1;nom
local;1;nom
loan;1;nom
ll;1;nr
liu;1;nr
list;1;ver
lift;1;nom
license;1;nom
lgm;1;nr
lesson;1;nom
length;1;nom
legitimately;1;nr
legally;1;nr
lee;1;nom
laxness;1;nom
law;1;adj
lastly;1;nr
lady;1;nom
korea;1;nr
kid;1;nom
kevin;1;nr
kennedy;1;nr
keen;1;adj
karman;1;nr
justify;1;ver
june;1;nr
jump;1;nom
judge;1;ver
jpg;1;nr
journal;1;nom
joint;1;nom
join;1;nom
jfk;1;nr
jetstream;1;nr
jack;1;nom
irrelevant;1;nr
involve;1;ver
investigation;1;nom
investigate;1;ver
inventory;1;nom
invade;1;ver
intervention;1;nom
internationally;1;nr
intercontinental;1;nr
intellectual;1;nom
intact;1;nr
installation;1;nom
inspection;1;nom
inspect;1;ver
insanity;1;nom
innocent;1;adj
ink;1;nom
infrared;1;nom
informant;1;nom
infamous;1;nr
industry;1;nom
indict;1;ver
index;1;nom
incursion;1;nom
incredible;1;nr
inconsequential;1;nr
improve;1;ver
improbable;1;nr
implausible;1;nr
impersonate;1;ver
immediately;1;nr
imaginary;1;nom
image;1;nom
iii;1;nr
ignore;1;ver
identifiable;1;nr
idea;1;nom
hysteria;1;nom
hyper;1;nom
hungry;1;adj
hunch;1;nom
huh;1;nr
http;1;nr
hot;1;adj
hostage;1;nom
horrible;1;nr
horizontal;1;nom
horizon;1;nom
hope;1;nom
honesty;1;nom
honestly;1;nr
honest;1;adj
hmmmmm;1;nr
hm;1;nr
hilariously;1;nr
hijack;1;nom
hey;1;nr
help;1;nom
hell;1;nom
height;1;nom
healthcare;1;nr
hat;1;nom
harvey;1;nr
harmless;1;nr
harm;1;ver
handful;1;nom
hand;1;nom
half;1;nom
hainan;1;nr
hahahah;1;nr
haha;1;nr
habitual;1;nr
guide;1;nom
gtfo;1;nr
grow;1;ver
groom;1;nom
gravity;1;nom
grand;1;nom
grad;1;nom
grab;1;nom
gps;1;nr
gouge;1;nom
gotta;1;nr
googled;1;nr
god;1;nom
glue;1;ver
global;1;nr
glad;1;adj
girl;1;nom
giant;1;nom
gg;1;nr
geosynchronous;1;nr
georgetown;1;nr
geoguessers;1;nr
genuine;1;nr
generation;1;nom
gen;1;nom
gee;1;nom
gear;1;nom
garbage;1;nom
fun;1;adj
front;1;nom
friendly;1;adj
friend;1;nom
frequently;1;nr
frequent;1;adj
freak;1;ver
francis;1;nr
fox;1;nom
forward;1;adj
fork;1;nom
folk;1;nom
focus;1;nom
flavor;1;nom
flag;1;nom
fitness;1;nom
fish;1;ver
fire;1;nom
finally;1;nr
film;1;nom
file;1;nom
figure;1;nom
fifty;1;nom
ffs;1;nr
federal;1;nom
february;1;nr
fe0f;1;nr
fbi;1;nr
fault;1;nom
fascinate;1;ver
farm;1;nom
famine;1;nom
family;1;nom
fake;1;nom
fair;1;adj
failure;1;nom
f22;1;nr
extremely;1;nr
extreme;1;adj
expose;1;ver
explosive;1;nom
explosion;1;nom
explode;1;ver
explicitly;1;nr
explaination;1;nr
explain;1;ver
expertise;1;nom
expert;1;nom
expensive;1;nr
expand;1;ver
exercise;1;nom
examine;1;ver
exam;1;nom
evil;1;adj
evacuate;1;ver
europe;1;nr
equivalency;1;nr
equal;1;nom
entry;1;nom
english;1;nr
engineer;1;ver
engage;1;ver
emp;1;nr
email;1;nom
ellsworth;1;nr
electronic;1;nr
electoral;1;nr
elect;1;ver
ejdf4mdjnh;1;nr
effort;1;nom
edition;1;nom
ect;1;nr
eater;1;nom
eat;1;ver
eastern;1;nr
east;1;nom
earnest;1;nom
duty;1;nom
dumbfucks;1;nr
driver;1;nom
drive;1;nom
drfited;1;nr
dress;1;nom
dozen;1;nom
downtown;1;nom
double;1;nom
dont;1;nr
donald;1;nr
documentation;1;nom
dmv;1;nr
distraction;1;nom
dispute;1;ver
dislike;1;ver
disease;1;nom
discussion;1;nom
discreet;1;adj
discove;1;nr
diplomatic;1;nr
difficult;1;nr
dickie;1;nom
diaspora;1;nr
devote;1;ver
determine;1;ver
detectable;1;nr
destroy;1;ver
deserve;1;ver
department;1;nom
deorbiting;1;nr
deny;1;ver
density;1;nom
demilitarize;1;ver
deliver;1;ver
degree;1;nom
define;1;ver
defend;1;ver
defence;1;nom
defcon;1;nr
deep;1;adj
decline;1;ver
decide;1;ver
decency;1;nom
dakotas;1;nr
daily;1;nom
customer;1;nom
curve;1;ver
current;1;nom
crop;1;nom
criticism;1;nom
crisis;1;nom
crime;1;nom
crew;1;nom
crash;1;ver
cpc;1;nr
covid;1;nr
cover;1;nom
court;1;nom
countless;1;nr
counterintelligence;1;nom
counter;1;nom
costner;1;nr
correlation;1;nom
coronavirus;1;nr
coordinate;1;nom
convey;1;ver
convert;1;ver
contribute;1;ver
contractor;1;nom
continental;1;nom
construction;1;nom
consistently;1;nr
consist;1;ver
conservative;1;nom
connally;1;nr
conflict;1;ver
confident;1;nom
confidence;1;nom
conference;1;nom
compose;1;ver
complex;1;adj
complete;1;adj
compel;1;ver
comparison;1;nom
compare;1;ver
community;1;nom
comms;1;nr
commercial;1;nom
commenter;1;nr
colon;1;nom
collision;1;nom
collection;1;nom
cold;1;adj
code;1;nom
cockroach;1;nom
cm;1;nr
cloursr;1;nr
classification;1;nom
city;1;nom
citizen;1;nom
circlejerk;1;nr
choose;1;ver
china_s;1;nr
child;1;nom
chief;1;nom
chicoms;1;nr
cheyenne;1;nr
chen;1;nr
cheer;1;ver
cheap;1;adj
chat;1;nom
charge;1;nom
chance;1;nom
chairman;1;nom
chain;1;nom
cgqebvlmfaq;1;nr
certainty;1;nom
centre;1;nom
central;1;adj
center;1;nom
censor;1;nom
cbsnews;1;nr
cbs;1;nr
causation;1;nom
cattle;1;nr
catch;1;ver
catalogue;1;ver
casually;1;nr
carve;1;ver
carrier;1;nom
career;1;nom
capture;1;nom
cap;1;nom
canada;1;nr
camp;1;adj
bystander;1;nom
butthurt;1;nr
burst;1;ver
bullshit;1;nom
broadcast;1;ver
bright;1;adj
brigadier;1;nom
briefing;1;nom
breach;1;ver
brainwash;1;ver
bout;1;nom
bottom;1;nom
bottle;1;nom
bother;1;nom
bot;1;nom
bomb;1;nom
boeing;1;nr
boat;1;nom
blow;1;ver
blood;1;nom
bleach;1;nom
black;1;adj
bizarre;1;nr
bias;1;nom
bestial;1;nr
beloved;1;nom
beijing;1;nr
begin;1;ver
bc;1;nr
battle;1;nom
basis;1;nom
baselessly;1;nr
bartender;1;nom
barrier;1;nom
ban;1;ver
ballons;1;nr
ballistic;1;nr
bait;1;nom
b1hct4;1;nr
auto;1;nom
authority;1;nom
attempt;1;nom
atrocity;1;nom
atmosphere;1;nom
atlas;1;nom
assistance;1;nom
assign;1;ver
asset;1;nom
ass;1;nom
article;1;nom
array;1;nom
arm;1;nom
argue;1;ver
arent;1;nr
arbitrary;1;nom
april;1;nr
apps;1;nr
appeal;1;nom
app;1;nr
apocalypse;1;nom
aperture;1;nom
antenna;1;nom
annual;1;nom
annoy;1;ver
angular;1;nr
anecdote;1;nom
ammonia;1;nom
ammo;1;nom
america_s;1;nr
alysa;1;nr
allege;1;ver
alert;1;ver
aggressor;1;nom
age;1;nom
affect;1;nom
aesthetic;1;nom
advantage;1;nom
administration;1;nom
addition;1;nom
adapt;1;ver
activity;1;nom
actively;1;nr
activatible;1;nr
aclu;1;nr
achieve;1;ver
accusation;1;nom
accurate;1;nr
acceptable;1;nr
ability;1;nom
aaaaaand;1;nr
a654;1;nr
90th;1;nr
900a78538242_story;1;nr
3q5cbkenrcwigxh2zlzd62lylrgfsy7r94ibjos8698;1;nr
35m;1;nr
30ish;1;nr
2jy3ju;1;nr
200d;1;nr
2007_chinese_anti;1;nr
1y1ya;1;nr
1930s;1;nr
120mph;1;nr
11ec;1;nr
06448e3c7773090c02501dc2782c6fd91ddab185;1;nr
045d;1;nr
00b9a358;1;nr
0001f926;1;nr
0001f923;1;nr
0001f914;1;nr
0001f913;1;nr