balloon;113;185
chinese;81;186
spy;48;123
fly;15;43
china;56;17
taiwan;1;3
down;45;24
military;5;48
biden;4;56
like;10;46
what;19;38
shoot;42;14
https;30;4
know;28;25
trump;7;36
state;23;21
base;2;27
time;5;29
ministry;4;1
country;9;27
thing;16;19
detect;2;1
person;10;22
cross;5;14
allow;0;30
high;21;3
airspace;12;9
war;9;18
weather;19;7
russian;3;24
air;17;1
year;2;18
satellite;19;3
report;5;4
missile;11;6
joe;3;19
unite;12;13
need;9;14
surveillance;16;7
secret;12;9
defense;4;3
day;0;10
news;12;8
man;3;17
intelligence;17;3
border;1;22
administration;1;17
national;10;7
government;10;10
well;13;8
official;15;5
nuclear;8;11
let;0;19
area;2;11
america;2;19
silo;14;0
russia;1;18
remember;0;19
reason;14;5
0001f923;1;10
world;10;9
montana;5;6
information;13;4
american;10;8
president;2;14
defence;2;1
tell;3;14
big;10;5
track;12;2
good;12;4
float;3;11
equipment;9;4
coast;2;14
classify;1;14
ccp;6;9
post;14;0
north;1;4
lol;12;3
happen;1;14
gt;15;0
entire;4;10
election;0;3
document;2;12
call;8;6
believe;9;5
back;4;10
www;11;1
worry;6;6
sub;3;11
stuff;7;6
spot;3;6
south;5;8
point;5;8
home;0;11
force;7;1
aware;6;7
watch;7;5
threat;5;6
start;2;5
ship;0;7
nation;6;6
find;3;10
enter;2;10
cause;10;3
ukraine;0;11
space;12;0
release;11;0
reddit;10;0
org;8;1
money;4;7
launch;8;3
house;3;9
fe0f;1;3
claim;8;3
bad;2;10
story;0;7
source;10;1
question;8;1
public;9;0
past;2;3
old;1;10
mark;6;1
late;3;2
incident;9;1
hunter;0;9
hear;8;3
give;3;8
answer;11;0
altitude;10;0
work;3;6
word;5;4
white;0;10
wait;1;9
talk;3;6
rule;8;0
problem;1;8
previous;4;1
object;4;1
navy;0;3
move;3;4
million;0;10
low;8;1
lot;0;9
line;2;5
leave;3;6
hard;2;8
google;8;0
drift;9;1
aircraft;4;3
0001f602;1;7
yeah;6;3
traverse;1;8
surprise;1;7
sunday;2;2
risk;7;1
plane;4;3
payload;5;2
pay;0;9
milley;5;0
land;3;3
issue;2;7
international;3;4
interest;4;5
include;5;3
important;1;5
hour;2;1
guy;1;8
fuck;1;8
florida;0;9
feel;0;9
en;4;2
cuba;0;9
continental;4;5
collect;6;3
care;1;8
airship;7;0
admit;6;3
act;2;7
wind;5;2
wikipedia;5;0
water;5;3
usa;1;7
travel;2;6
top;4;4
submarine;0;8
straight;1;2
situation;5;3
side;5;1
show;5;3
shit;2;6
population;6;1
play;1;6
party;0;8
pacific;8;0
mile;0;8
matter;1;6
jet;5;2
fall;3;5
easy;7;1
drone;5;2
donald;0;8
datum;3;4
confirm;5;2
concern;6;0
comment;8;0
attack;2;4
age;0;8
woman;0;4
wiki;4;0
wake;0;7
tiktok;4;3
stop;1;6
site;3;3
senior;6;1
send;3;3
security;3;2
recent;5;0
receive;4;1
real;2;5
purpose;1;4
pretty;7;0
press;5;1
prc;6;1
pentagon;7;0
open;0;6
office;1;6
nuke;5;1
long;4;3
live;1;4
literally;3;3
lie;2;5
learn;7;0
law;2;3
illegal;0;5
hide;6;1
general;7;0
foreign;6;1
enemy;4;3
effective;5;0
device;5;2
detail;7;0
dakota;1;2
build;0;6
bite;5;0
billion;1;6
accuse;3;1
wow;4;2
warship;0;6
vote;1;5
understand;4;1
twitter;5;0
train;1;5
target;3;3
system;1;3
super;2;3
spend;1;4
soil;0;6
size;5;1
signal;6;0
sensitive;1;5
research;4;1
police;2;3
place;2;3
picture;5;1
orbit;2;1
multiple;2;2
middle;3;3
medium;0;6
large;3;2
laptop;0;6
kill;0;6
job;3;3
intercept;5;0
hold;5;0
hate;2;4
handle;2;3
guess;3;3
gather;6;0
forget;0;6
flight;6;0
fee;1;4
fast;2;3
fairly;3;3
democrat;0;6
debris;4;2
deal;5;0
craft;4;1
continue;3;3
consider;2;3
communication;5;1
close;1;4
clearance;4;2
china_s;2;4
child;1;5
capable;2;4
capability;6;0
budget;3;2
bring;1;5
basically;5;0
assume;1;3
asian;5;0
americans;1;5
actual;1;5
access;3;3
0001f921;0;4
0001f525;0;4
wonder;5;0
weapon;2;3
video;3;1
trust;3;1
true;4;0
today;2;3
test;3;2
territory;3;2
support;1;2
steal;0;4
statement;5;0
southern;0;5
sky;3;2
single;3;2
set;0;5
sense;3;1
result;4;0
racism;3;2
putin;0;5
put;1;4
publicly;3;1
protect;1;4
power;3;2
part;4;1
order;4;0
obvious;2;3
nature;3;2
nato;0;3
mistake;4;1
mind;0;4
location;4;1
info;1;2
image;4;1
history;3;2
govt;3;2
foot;3;1
fire;0;5
february;3;1
family;0;5
evidence;2;2
east;2;3
dumb;1;4
due;4;0
dod;1;4
develop;4;0
department;3;2
deny;1;4
current;0;4
control;4;1
contact;2;1
confuse;1;4
civilian;5;0
catch;0;5
buy;1;4
atlantic;3;2
assessment;3;1
arrest;1;3
america_s;2;3
ago;0;4
additional;1;4
account;3;2
0001f3af;1;2
0001f388;0;5
yea;1;3
xi;1;2
wrong;1;2
ve;1;3
truth;1;3
transit;3;1
traitor;0;4
thunder;2;2
texas;1;3
technology;0;3
tech;4;0
superpower;1;2
stray;4;0
station;2;2
sort;3;1
son;0;4
soldier;1;3
similar;1;3
share;2;2
sell;0;4
secretary;1;2
reveal;3;1
restrict;4;0
response;1;2
regret;4;0
refuse;0;4
recover;2;2
push;0;3
proven;4;0
propaganda;4;0
path;4;0
operate;4;0
onboard;4;0
occasion;0;4
note;0;3
member;0;4
map;0;4
manage;1;2
major;2;2
maintain;2;1
lose;4;0
local;3;1
limit;4;0
life;0;4
laura;0;3
launder;3;1
kind;3;1
joebiden;0;4
intel;3;1
installation;0;4
inflation;0;4
incursion;2;2
hurt;3;1
hit;1;3
hey;2;2
head;0;4
grind;3;1
great;2;2
gov;4;0
gonna;3;1
girl;0;4
generally;3;1
garbage;0;4
gain;1;2
front;0;4
fighter;3;1
false;4;0
fake;2;2
fact;1;3
expect;1;3
excuse;2;2
event;0;4
end;2;2
edit;4;0
easily;3;1
earth;4;0
dude;3;1
destroy;2;2
deep;0;3
dangerous;0;4
damn;2;2
create;0;4
crazy;1;3
couple;4;0
cost;4;0
cool;4;0
completely;2;2
command;2;1
comer;3;1
chief;4;0
check;1;3
charge;2;2
bus;2;2
burst;1;3
bullet;4;0
break;4;0
blow;3;1
automatically;1;3
attention;1;3
apparently;2;2
anti;4;0
aim;2;1
action;2;2
accept;3;1
yesterday;1;2
write;0;3
worth;1;2
wildfire;3;0
wild;1;2
wichita;0;3
western;2;1
west;1;2
week;1;2
violate;2;1
verge;1;2
u2s;3;0
turn;1;2
troll;2;1
transmit;1;2
trade;1;2
tour;2;1
totally;1;2
terrorist;0;3
term;1;2
teach;0;3
tank;1;2
stupid;0;3
student;1;2
street;1;2
status;3;0
spread;3;0
speed;2;1
soon;2;1
sleep;0;3
sincerely;2;1
short;1;2
shelf;2;1
sexual;0;3
schumer;1;2
school;0;3
sanction;0;3
russia_s;0;3
run;0;3
reuters;2;1
retaliation;1;2
responsibility;3;0
reply;3;0
remind;1;2
recognize;2;1
realize;1;2
ready;0;3
raise;1;2
professor;3;0
powerful;1;2
position;2;1
pompeo;1;2
plenty;2;1
player;0;3
pla;1;2
piss;2;1
pics;2;1
pick;1;2
photo;3;0
paper;0;3
pant;0;3
paint;1;2
oversight;3;0
october;1;2
norad;1;2
night;0;3
miss;1;2
mike;1;2
meteorological;2;1
measure;0;3
material;1;2
majority;2;1
maga;0;3
loomer;0;3
load;1;2
lmao;3;0
literal;2;1
link;2;1
likelihood;3;0
level;2;1
legal;1;2
label;0;3
knowledge;2;1
kinda;1;2
jump;1;2
instruction;0;3
incredibly;2;1
inconsistent;3;0
incendiary;3;0
imagine;2;1
idk;0;3
human;2;1
huge;1;2
hell;1;2
hack;0;3
group;3;0
grid;0;3
god;0;3
giant;0;3
garage;0;3
gap;1;2
fox;1;2
forum;3;0
footage;2;1
food;0;3
follow;1;2
fight;0;3
field;1;2
fear;2;1
failure;1;2
explanation;2;1
espionage;2;1
employee;2;1
economy;0;3
early;2;1
drug;0;3
drop;2;1
doubt;2;1
discuss;2;1
discord;3;0
destruct;2;1
daily;0;3
cut;1;2
continent;3;0
conjunction;3;0
compromise;0;3
cia;2;1
case;2;1
carry;3;0
cans;2;1
canada;1;2
california;3;0
bunch;2;1
bull;1;2
board;2;1
blood;0;3
blame;1;2
bitch;2;1
bill;0;3
beat;0;3
background;1;2
assumption;1;2
army;0;3
ally;1;2
alberta;3;0
alaska;1;2
agent;3;0
agency;1;2
afghanistan;0;3
accidentally;2;1
absolutely;0;3
25fe;0;3