the;48;40;28;25;28
to;36;36;16;22;17
a;34;37;12;18;17
it;21;30;19;11;9
and;26;20;13;16;16
of;19;27;10;16;15
that;23;33;13;11;4
is;23;26;12;10;11
in;16;23;13;13;11
they;20;20;13;6;10
i;10;15;6;16;4
you;8;17;10;6;3
not;16;15;6;8;6
it_s;14;14;10;4;7
we;10;16;9;5;6
on;16;8;2;2;6
are;8;16;4;2;13
this;6;16;6;9;0
have;14;13;6;6;5
for;5;14;6;5;6
was;7;8;5;7;2
with;8;8;1;7;8
be;6;9;4;6;9
if;6;15;5;10;4
just;11;12;2;7;4
but;6;11;8;7;3
so;5;11;3;4;7
at;10;3;5;4;8
us;9;7;8;2;7
from;9;9;3;3;3
down;9;3;19;0;2
there;12;5;4;3;5
about;6;10;4;2;0
u;10;1;2;1;0
why;11;7;5;1;0
or;3;10;3;6;1
all;2;13;4;2;2
no;9;4;6;1;5
would;8;7;6;3;3
as;4;4;4;2;1
do;8;6;6;4;0
can;4;7;2;3;2
how;6;6;2;4;0
don_t;4;9;6;2;1
could;3;9;5;4;2
s;8;2;5;1;0
over;3;3;11;0;6
has;5;8;5;1;1
their;5;2;5;1;2
more;1;6;2;4;3
because;4;10;1;1;1
take;3;3;2;9;2
other;2;8;3;1;2
out;4;5;0;6;3
our;1;5;5;2;5
been;5;4;6;2;2
make;3;4;3;2;0
even;6;8;1;4;0
them;0;6;2;2;3
my;3;3;0;5;0
were;2;3;1;6;0
mean;5;5;2;3;2
com;12;0;0;0;1
its;5;2;1;0;3
had;2;2;2;3;3
also;5;3;3;3;3
think;4;3;3;2;0
than;3;4;2;3;1
one;3;4;4;1;1
any;8;2;1;3;0
your;3;1;1;5;1
those;1;2;2;4;3
some;1;7;2;1;1
into;0;4;3;1;1
doesn_t;3;3;2;1;3
an;1;6;3;1;1
when;2;3;3;1;1
that_s;1;3;1;1;3
go;0;6;2;2;3
get;4;5;1;1;1
didn_t;3;2;2;4;1
very;3;3;2;1;1
then;3;5;2;2;1
does;6;6;0;1;0
by;5;1;1;1;2
where;2;2;1;1;2
well;1;2;2;0;1
up;3;3;4;0;1
me;1;2;1;3;2
i_m;2;2;1;3;2
being;2;1;1;2;2
want;3;2;1;1;1
see;2;4;1;2;1
got;2;3;1;0;2
before;0;3;1;2;1
around;2;3;0;2;3
who;4;0;1;5;1
said;3;2;1;0;0
really;1;2;2;1;0
probably;1;4;3;1;0
only;4;1;3;0;3
now;3;2;2;1;0
did;2;2;3;3;0
which;2;2;3;0;0
they_re;2;3;0;1;3
someone;4;4;0;0;0
say;2;1;0;1;0
every;4;2;1;0;0
cause;1;0;3;3;1
can_t;0;5;3;0;0
used;0;1;0;4;1
use;2;4;0;1;1
though;1;2;0;2;2
there_s;5;1;0;1;0
most;2;2;0;1;2
too;3;2;0;1;0
something;4;4;0;0;0
off;3;2;2;1;0
never;1;0;2;1;1
much;0;2;1;0;2
maybe;2;3;0;1;0
look;3;1;2;0;0
likely;0;3;2;1;1
isn_t;2;2;2;2;0
course;2;2;0;0;1
anything;3;1;0;1;0
until;1;1;0;1;1
sure;0;1;1;2;2
right;1;1;1;0;2
first;1;2;1;0;2
exactly;0;1;0;0;2
already;4;1;0;0;0
actually;2;3;0;0;1
4;2;1;0;0;1
3;2;0;0;0;2
1;2;1;1;0;3
we_re;0;1;1;0;1
way;3;0;0;0;0
wasn_t;1;1;1;2;0
these;0;2;0;3;0
themselves;3;1;0;0;0
here;1;2;0;2;0
he;2;0;0;1;1
getting;2;2;0;0;0
ever;1;1;0;2;1
especially;2;1;0;0;1
yes;0;1;1;1;1
wonder;2;1;1;0;0
without;1;0;1;1;2
while;0;1;2;0;1
should;0;2;1;1;0
says;1;1;1;0;0
possible;2;2;0;0;0
own;2;0;1;0;0
little;1;3;0;1;0
going;3;0;0;0;0
everyone;0;3;0;2;0
etc;1;0;1;0;2
different;1;1;0;1;0
come;2;2;0;1;0
anyone;0;0;1;2;0
am;0;1;1;1;0
again;2;0;1;0;1
after;0;2;2;0;0
2023;2;1;0;0;0
2;2;2;1;0;0
000;1;1;1;0;0
zero;1;1;0;0;1
you_re;0;0;1;2;0
won_t;0;0;1;1;1
useful;1;1;1;0;0
trying;2;1;0;1;0
somehow;1;1;0;1;1
since;0;2;0;1;0
seems;1;1;0;1;1
outside;0;2;2;0;0
once;0;0;2;1;0
must;1;2;0;0;0
many;2;0;0;0;2
given;3;0;1;0;0
everything;1;0;1;1;0
done;2;1;0;0;0
currently;1;0;0;1;2
couldn_t;1;2;0;0;0
away;2;0;0;1;0
ask;0;4;0;0;0
able;0;0;1;2;0
wouldn_t;2;0;1;0;0
whose;2;0;0;1;0
wants;0;1;1;0;1
taken;1;1;0;1;0
sometimes;0;2;0;1;0
self;1;1;0;1;0
seen;3;0;0;0;0
saying;2;1;0;0;0
r;0;1;0;2;0
plus;0;0;1;0;2
otherwise;2;0;0;1;0
old;1;0;0;1;1
nothing;0;1;1;1;0
might;0;0;1;1;1
instead;0;1;2;0;0
his;0;0;1;2;0
haven_t;2;1;0;0;0
few;2;0;0;0;1
else;1;2;0;0;0
considering;2;0;0;0;1
clearly;1;1;0;1;0
30;0;0;1;0;2