fait;70;69;40;38;42
*id_t1_j76o9ui;0;1;0;5;0
*platform_Reddit;70;69;40;38;42
*id_t1_j71ph0d;0;4;1;0;0
*id_t1_j72ycru;0;0;0;1;0
*phase_Après;19;14;5;7;4
*phase_Pic;22;29;16;10;8
*id_t1_kt9rfbi;6;0;1;0;0
*id_t1_j72doqq;0;0;0;0;2
*id_t1_j7a4d9w;0;1;1;0;0
*id_t1_ktb9jzp;0;0;0;1;0
*id_t1_j70w1n1;2;0;0;0;1
*id_t1_j75fp0k;0;1;2;0;0
*id_t1_j72d0l0;1;0;1;0;0
*id_t1_j75iaso;2;1;0;0;0
*id_t1_j785sb0;0;0;0;0;2
*id_t1_j74dwk5;0;0;1;0;1
*id_t1_j746a6c;1;0;1;0;0
*id_t1_ktbaq5z;0;1;0;0;0
*id_t1_j73yx9e;0;1;0;1;0
débunkage;19;14;5;7;4
*id_t1_j70tjxp;1;0;1;0;0
*id_t1_j789d6l;1;0;0;0;0
*id_t1_ktb94nw;0;1;1;0;0
*id_t1_j7c0gai;0;1;2;0;0
*id_t1_j70q5wz;0;1;0;1;0
*id_t1_ktc6llp;1;0;0;0;0
*id_t3_10scu1l;1;0;1;0;0
*id_t1_kt68m5f;0;1;0;0;0
*id_t1_j75bloo;1;3;0;1;0
*id_t1_j746qb1;0;1;0;0;0
*id_t1_j7dz7y7;0;1;0;0;0
*phase_Début;29;26;19;21;30
*id_t1_j70vg1m;1;0;0;0;0
*id_t1_j71q9i6;1;0;0;1;0
*id_t1_j72ua41;0;0;0;2;1
*id_t1_j72af4k;1;0;0;0;0
*id_t1_j71q19g;0;0;0;0;2
du;70;69;40;38;42
*id_t1_kt80sn1;0;1;0;1;0
*id_t1_j75ormi;9;0;1;0;0
*id_t1_j79yyxf;1;1;0;0;0
*id_t1_j721rcy;1;1;0;0;0
*id_t1_j7biwhi;2;1;1;0;0
*id_t1_kt7wxfr;2;0;0;0;0
*id_t1_ktb8liy;1;0;0;0;0
*id_t1_j75zg3c;0;1;0;0;1
*id_t1_j734wpx;1;1;1;0;0
*id_t1_j77doko;0;0;2;0;0
*id_t1_j713qfp;0;1;1;0;0
*id_t1_j75m7l4;0;0;0;0;1
*id_t1_j75npdi;0;0;0;1;0
*id_t1_j73qhk4;1;1;0;0;0
*id_t1_kt8kabn;0;0;0;0;0
*id_t1_j713af8;0;0;0;0;2
*id_t1_ktc7osf;1;0;0;0;0
*id_t1_j72lkpp;0;0;0;5;1
*id_t1_j70wp8j;2;0;0;0;0